タイトル,レビュー,カテゴリー,星数,参考になった数,生成元ID
　,"　
商品に欠陥があり、片方しか作動しなかったのですが、すぐにメッセージを送ったところ迅速に対応していただき、新しい商品が届くのを待っています。試してみたところ、風が涼しくて、音もそれほど気になりませんでしたので、評価は4にしました。","1,6,7",2.5,0,48
　,"　
残念ながら届いた商品は片方が動かないという不具合がありましたが、メッセージを送ったら迅速に対応してもらえ、新しい商品が到着するのを待っているところです。片方だけの動作でしたが、風は涼しく、音も気にならなかったので、評価は4としました。","1,6,7",2.5,0,48
　,"　
届いた商品が片方しか動かなかったため、残念でしたが、すぐにメッセージを送ったところ、迅速に対応してくれました。新しい商品が届くのを待つ間、試してみたところ風が涼しく、音もあまり気にならなかったため、星は4にしました。","1,6,7",2.5,0,48
　,"　
今回届いた商品は片方が作動しないという欠陥がありましたが、メッセージを送ると迅速に対応していただき、新しい商品を待っているところです。風の涼しさは感じられましたし、音もそれほど気にならなかったため、評価は4にしました。","1,6,7",2.5,0,48
　,"　
屋外での使用が待ち遠しいです。  
配送が予定より早く届いて、とても助かりました。  
まだ外では使っていませんが、室内での音はそれほど気になりませんでした。","1,4,7",2.5,0,59
　,"　
外で使うのが楽しみで仕方ありません。  
早めに届いた配送に感謝しています。  
まだ外では試していないですが、室内での起動音はあまり気にならなかったです。","1,4,7",2.5,0,59
　,"　
屋外での使用が楽しみです。  
予想より早く届いた配送はとてもありがたかったです。  
まだ外では使っていないものの、室内の音は気になりませんでした。","1,4,7",2.5,0,59
　,"　
外で使用するのが楽しみでたまりません。  
配送が予定より早くて助かりました。  
まだ外では使っていないですが、室内での音は特に気にならなかったです。","1,4,7",2.5,0,59
　,"　
迅速に商品が届いたので助かりましたが、期待していた涼感プレートはあまり冷たく感じず、畑仕事で使うには残念でした。しかし、家の中では普通に涼しく、特に火を使う台所では役立ったと思います。さらに、親切で丁寧な対応をしていただき、とても良かったです。","1,4,7",2.5,0,86
　,"　
商品は注文後すぐに届き、非常に助かりましたが、畑仕事のために購入した涼感プレートは期待外れでした。全然冷たく感じず、暖かい風が吹いてきてガッカリしました。ただ、家の中では普通に涼しく、火を使う台所では良かったと感じました。最後に、親切で丁寧なサポートを受けられたことは大変満足でした。","1,4,7",2.5,0,86
　,"　
すぐに商品が届いたのは嬉しかったですが、涼感プレートは全く冷たくなく、畑仕事に使うには残念でした。その一方で、家の中では涼しく、特に火を使う台所では良い結果が得られたと思います。さらに、親切かつ丁寧な説明と対応をしていただき、本当に良かったです。","1,4,7",2.5,0,86
　,"　
注文からすぐに届いたことには感謝していますが、期待していた涼感プレートは全然冷たくなくて残念でした。畑仕事には向いていなかったものの、家の中では普通に涼しく、火を使う台所では便利でした。その上、親切で丁寧な対応をしていただいたのもとても良かったです。","1,4,7",2.5,0,86
　,"　
冷凍庫が壊れてしまい、急いでAmazonで探したところ、翌日には商品が届いてとても満足しています。家庭には欠かせない電化製品なので、まずはストック用として適した製品です。","4,7",2.5,0,123
　,"　
10年使っていた冷凍庫が壊れたため、すぐにAmazonで新しいものを探したら、翌日には届いて嬉しかったです。冷凍庫は家庭にとって必要不可欠な電化製品なので、ストック用として良い選択肢です。","4,7",2.5,0,123
　,"　
冷凍庫が10年目にして故障し、急いでAmazonで購入したところ、翌日には届いて良かったです。家庭の必需品である冷凍庫として、ストック用に適した製品だと思います。","4,7",2.5,0,123
　,"　
10年間使用していた冷凍庫が壊れた際、Amazonで探してすぐに決めたら、翌日には商品が届いて助かりました。家庭にとって欠かせない電化製品なので、ストック用には良い選択だと感じました。","4,7",2.5,0,123
　,"　
とても満足しています。予想以上の大きさで、冷凍も冷蔵も問題なく使えました！配送も迅速で助かりました。","1,7",2.5,0,126
　,"　
いい商品でした。サイズが思ったよりも大きくて、冷凍・冷蔵どちらも完璧でした！配達もスピーディーでした。","1,7",2.5,0,126
　,"　
満足しています。サイズが想像以上に大きく、冷凍と冷蔵の機能も申し分ありませんでした！配送も早くて嬉しかったです。","1,7",2.5,0,126
　,"　
とても良い体験でした。思ったよりも大きくて、冷凍と冷蔵の両方で問題なく使用できました！さらに、配送が早かったのも良かったです。","1,7",2.5,0,126
　,"　
購入時の相性を考慮して、Amazonで商品を手に入れました。価格に見合った品質だと思います。ヤマト運輸の配達員は、念のためインターフォンを鳴らして「ここに置いておきます」と声をかけてくれたので、安心して所定の場所に置いて使えました。配達時の破損が心配でしたが、以前の経験からその懸念がありました。","1,3,6,7",2.5,0,129
　,"　
Amazonで購入する際、相性を重視しました。価格に対して納得できる品質だと感じています。ヤマト運輸の配達員がインターフォンを鳴らし、「ここに置いておきますね」と伝えてくれたおかげで、スムーズに所定の場所に設置できました。以前は配達時に製品が壊れることがあったので、不安がありました。","1,3,6,7",2.5,0,129
　,"　
購入する際は相性が重要だと思い、Amazonで購入しました。値段に見合った商品だと感じています。ヤマト運輸の配達員が、念のためインターフォンを鳴らして「ここに置いておきます」と言ってくれたおかげで、無事に指定した場所に設置できました。以前の経験から、配達時の破損について心配していました。","1,3,6,7",2.5,0,129
　,"　
購入時の相性を考慮して、私はAmazonから商品を買いました。価格に対して満足できる品質だと思います。ヤマト運輸の配達員がインターフォンを鳴らして「ここに置いておきます」とお知らせしてくれたおかげで、問題なく指定の場所に置くことができました。過去の経験から、配達時のトラブルが心配だったのです。","1,3,6,7",2.5,0,129
　,"　
とても良い商品で、商品説明に偽りはありませんでした。発送も迅速で、丁寧な梱包に安心しました。また購入する機会があれば、ぜひ利用させていただきたいです。ありがとうございました。","6,7",2.5,0,169
　,"　
商品は説明通りで素晴らしかったです。梱包がしっかりしていて、発送も早かったので安心しました。また機会があれば、ぜひ購入したいと思います。感謝しています。","6,7",2.5,0,169
　,"　
商品説明の通り、非常に良い商品でした。発送が早く、丁寧な梱包に安心感を覚えました。また次回機会があれば、ぜひ購入させていただきたいです。ありがとうございました。","6,7",2.5,0,169
　,"　
商品は非常に良く、説明通りでした。発送も迅速で、梱包が丁寧だったので安心しました。次回また機会があれば、ぜひ購入したいと思います。ありがとうございました。","6,7",2.5,0,169
　,"　
製品自体は非常に良いと感じました。配送も迅速で、注文の翌日には手元に届きました。ただし、写真にあったように蓋にひびが入っていたため、すぐに交換手続きを行い、迅速に対応してもらえたおかげで翌日には交換品が到着しました。使用感も優れており、ブラックコーヒーやカフェラテなど、様々なコーヒーを楽しむことができます。","1,6,7",2.5,0,193
　,"　
製品は素晴らしいと考えています。配送はスピーディーで、注文した翌日には届きましたが、蓋にひび割れがあったため、すぐに交換をお願いしました。その際も対応が早く、翌日には新しい商品が届きました。使い心地も良好で、濃さの調整ができるため、ブラックコーヒーやカフェラテなど多彩なコーヒーを作ることが可能です。","1,6,7",2.5,0,193
　,"　
私はこの製品がとても良いと思っています。配送が早く、注文してから1日で届きましたが、残念ながら蓋にひびが入っていましたので、すぐに交換を依頼しました。迅速に対応してもらい、翌日には交換品が届きました。使用感も快適で、濃さを調整できるため、様々な種類のコーヒーが楽しめます。","1,6,7",2.5,0,193
　,"　
この製品は良いと思います。配送は非常に早く、注文の翌日に商品が届きました。ただ、写真で見た通り蓋にひび割れがあったため、すぐに交換手続きをしましたが、迅速に対応していただき、翌日には新しい商品が届きました。使用感は良好で、濃さを調整することで、ブラックコーヒーやカフェラテなど、色々なコーヒーを楽しむことができます。","1,6,7",2.5,0,193
　,"　
とても美味しいです！以前は粉を使うコーヒーメーカーを利用していましたが、思ったような味が出せずに新しいものを探していたところ、息子夫婦に教えてもらいました。文句のつけようがない美味しさです！購入して本当に良かったですし、比較的早く届きました。","2,7",2.5,0,202
　,"　
本当に美味しいです！これまで粉を使うコーヒーメーカーを使っていましたが、理想の味になかなか達せず、新しいものを探している時に息子夫婦からの情報がありました。全く文句がない美味しさです！購入して大満足で、思ったより早く届きました。","2,7",2.5,0,202
　,"　
すごく美味しいですね！今までは粉を使うコーヒーメーカーを使っていましたが、思うような味が出せず、買い替えを考えていたところで、息子夫婦にこの商品を教えてもらいました。申し分ない美味しさです！購入してよかったと思っていますし、届くのも比較的早かったです。","2,7",2.5,0,202
　,"　
とてもおいしいです！これまで粉を使ったコーヒーメーカーを使っていましたが、満足のいく味が出せずに新しいものを探していたとき、息子夫婦からこの商品を教えてもらいました。全く文句のない美味しさです！購入して良かったと感じており、配送も割と早めでした。","2,7",2.5,0,202
　,"　
QOLが向上しますが、エントリーモデルとしては十分な性能だと思います。これから様々な豆を試して楽しむ予定です。ちなみに、購入後すぐに一杯淹れたら壊れてしまいましたが、メーカーに修理を依頼したところ、1週間ほどで完了しました。壊れるのは早かったですが、修理も迅速でした。その後は快適に使っています。","6,7",2.5,0,258
　,"　
この製品はQOLを向上させてくれます。エントリーモデルとしては、特に問題はないと思います。今後、いろいろな豆を試して楽しむつもりです。ちなみに、購入してすぐに一杯淹れた際に壊れましたが、修理をメーカーに依頼したら、1週間ほどで戻ってきました。壊れたのは早かったですが、修理の速さには満足しています。その後は快適に使用中です。","6,7",2.5,0,258
　,"　
QOLが上がる製品で、エントリーモデルとしては申し分ないと思います。これからさまざまな豆を試して楽しみたいと考えています。ちなみに、購入直後に一杯淹れた後に故障しましたが、メーカーに修理をお願いしたところ、1週間ほどで対応してもらえました。故障が早かったものの、修理のスピードには感謝しています。それ以降は快適に使い続けています。","6,7",2.5,0,258
　,"　
この製品はQOLを向上させますし、エントリーモデルとしては十分だと思います。これから多様な豆を試して楽しむつもりです。実は、購入してすぐに一杯淹れたところで壊れてしまいましたが、メーカーに修理を依頼したら、1週間ほどで修理が完了しました。故障は早かったですが、修理の速さには驚きました。それ以降は快適に利用しています。","6,7",2.5,0,258
　,"　
いくつかのトラブルがありましたが、付属品が欠けていたり、間違った品番の説明書が同梱されていたり、動作しない商品があったために2回返品して再発送してもらいました。しかし、正常な商品が届いてからは特に問題なく使えています。","6,7",2.5,0,266
　,"　
けっこうバタバタしましたが、最初は付属品がなかったり、間違った取扱説明書が入っていたり、動作しない商品があったため、2回返品して再発送を受けました。その後、正常な商品が届いてからは問題なく使用しています。","6,7",2.5,0,266
　,"　
いくつかのトラブルに見舞われましたが、付属品が不足していたり、異なる品番の取扱説明書が同封されていたり、動作しない製品があったため、2回返品し再発送してもらいました。しかし、正常品が届いた後は特に問題なく使えています。","6,7",2.5,0,266
　,"　
最初はドタバタしましたが、付属品の欠品や誤った取説が入っていたり、動作しない商品があったために2回返品し再発送となりました。しかし、正常な商品が届いてからは問題なく使えています。","6,7",2.5,0,266
　,"　
お手入れが簡単で助かります。注文した翌日に商品が届き、購入先に感謝しています。商品は非常に清潔で、美しい状態でした。早速使用してみると、水入れが外せてコンパクトで、キッチンに置いても邪魔にならず、使い方も選べるのでとても満足しています。","1,6,7",2.5,0,311
　,"　
手入れがしやすいと感じています。まず、発注した翌日に届いたことに感謝し、商品は清掃が行き届いており、とても美しかったです。早速使用してみたところ、水入れが取り外せて、意外とスペースを取らず、キッチンにとてもフィットしています。","1,6,7",2.5,0,311
　,"　
お手入れが楽で嬉しいです。まず、翌日に商品が届いたことに感謝し、非常に綺麗な状態で清掃されていました。使ってみると、水入れが外せるのが便利で、コンパクトなのでキッチンでも邪魔にならず、使い方が選べるのがとても良いです。","1,6,7",2.5,0,311
　,"　
お手入れが簡単で満足しています。発注した翌日に届いたことに感謝しつつ、商品は非常に清潔で素晴らしいコンディションでした。実際に使ってみると、水入れが取り外せるのが便利で、意外とコンパクトでキッチンにもぴったり収まり、入れ方が選べるのが嬉しいです。","1,6,7",2.5,0,311
　,"　
商品を予定通り受け取りましたが、冷却性能は旧品に比べて優れています。大切に使用したいと思います。","1,2,7",2.5,0,518
　,"　
受け取った商品は予定通りで、冷却が旧品よりも速く感じます。大事に使いたいです。","1,2,7",2.5,0,518
　,"　
予定通りに商品を受け取りましたが、冷却速度は旧品よりも早いです。大切に使おうと思います。","1,2,7",2.5,0,518
　,"　
旧品よりも冷却が早いと感じました。商品は予定通り届き、大事に使うつもりです。","1,2,7",2.5,0,518
　,"　
コストパフォーマンスが素晴らしいです！安価だったのであまり期待せずに購入しましたが、これで十分かなと思っています。冷凍庫の仕切りがあるのも便利です。弱めの設定にするとドア側の飲み物はあまり冷えず、強めにすると壁側が凍ってしまいますが、置く物と位置を考慮すれば問題ありません。発送が迅速で設置もしてもらえたので、大変満足しています！","1,3,7",2.5,0,529
　,"　
最良のコストパフォーマンスです！安かったため、特に期待せずに購入しましたが、これで満足できそうです。冷凍庫が仕切られている点も良いです。弱めにするとドア側の飲み物があまり冷えず、強めにすると壁側が凍ることがありますが、置く物とその場所を考えれば問題ありません。発送も迅速で、設置もしてくれるので大満足です！","1,3,7",2.5,0,529
　,"　
コストパフォーマンスが抜群です！安価だったため、特に期待せずに購入しましたが、これで十分満足しています。冷凍庫の仕切りも便利です。弱い設定ではドア側の飲み物があまり冷たくならず、強い設定では壁側が氷ってしまいますが、置くものと場所を考えれば問題ありません。発送も早く、設置もしてもらえて非常に満足です！","1,3,7",2.5,0,529
　,"　
最高のコストパフォーマンスです！安かったので特に期待せずに購入しましたが、今ではこれで十分かなと思っています。冷凍庫の仕切りがあるのも良い点です。弱い設定にするとドア近くの飲み物が冷えにくくなり、強い設定にすると壁側が凍りますが、置く物と位置を工夫すれば問題ないです。発送が早く、設置もしてもらえて非常に満足しています！","1,3,7",2.5,0,529
　,"　
迅速な配送に感謝しています。  
配送業者の方がとても親切で助かりました。冷凍庫が三つに分かれているため、少し使いづらいと感じる部分もありましたが、サイズには問題なく、音も気にならなかったので購入して良かったです。","1,7",2.5,0,540
　,"　
配送が早くてとても助かりました。  
親切な配送業者の方のおかげで助かりました。冷凍庫が三分割になっているため、使いづらさを感じることもありましたが、サイズや音には全く問題がなく、買ってよかったと思っています。","1,7",2.5,0,540
　,"　
早い配送に感謝しています。  
配送業者の方が非常に親切でおかげさまで助かりました。冷凍庫が三つに分かれているため、やや使いにくさを感じましたが、サイズは問題なく、音も気にならなかったので、購入して良かったです。","1,7",2.5,0,540
　,"　
配送のスピードが早くて助かりました。  
配送業者の方がとても親切に対応してくださり感謝しています。冷凍庫が三分割になっているため、少し使いづらさがありましたが、サイズは問題なく、音も全然気にならなかったので、良い買い物ができました。","1,7",2.5,0,540
　,"　
必要最低限の機能があれば十分なので、ニトリの黒い冷蔵庫を考えていました。配送料がこちらの方が安く、色合いが気に入ったため、同じメーカーの同じタイプをAmazonで購入しました。到着まで中2日と早く、ヤマト運輸さんの配達と設置も非常に丁寧でした。耐久性についてはまだわかりませんが、それも予め理解しており、とても満足しています。","1,2,7",2.5,0,555
　,"　
余分な機能は必要ないため、ニトリの黒い冷蔵庫を検討していましたが、同じメーカーで配送料が安いこちらを選びました。色がお洒落で気に入ったので、Amazonで購入しました。僻地に住んでいるにもかかわらず、到着まで中2日と早く、ヤマト運輸の丁寧な配達と設置にも満足しています。耐久性については未知数ですが、それも承知の上で非常に満足しています。","1,2,7",2.5,0,555
　,"　
シンプルな機能があれば十分なので、ニトリの黒い冷蔵庫を検討中でした。配送料が安く、色が気に入ったので、同じタイプをAmazonで購入しました。思いのほか早く中2日で到着し、ヤマト運輸さんの配達と設置がとても丁寧でした。耐久性についてはまだ確認していませんが、承知の上で大変満足しています。","1,2,7",2.5,0,555
　,"　
余計な機能は必要ないので、ニトリの黒い冷蔵庫を考えていました。同じメーカーの同じタイプが配送料も安く、色がお洒落だったため、Amazonで購入しました。僻地にも関わらず、届くまで中2日と早くて、ヤマト運輸さんの丁寧な配達と設置に感謝しています。耐久性についてはまだ確認していませんが、それも承知の上で非常に満足しています。","1,2,7",2.5,0,555
　,"　
発送がとても早く、すぐに商品が届きました。サイズや外観は期待通りでしたが、動作時の音が予想以上に大きかったです。しかし、価格が安いので満足しています。","1,3,7",2.5,0,560
　,"　
商品は迅速に発送され、すぐに手元に届きました。大きさやデザインは想像通りですが、動作中の音が思ったよりも大きいのが気になります。それでも、価格がリーズナブルなので良いと思います。","1,3,7",2.5,0,560
　,"　
早く発送されて、すぐに届きました。見た目やサイズは思い描いていた通りでしたが、動作音が予想以上に大きかったです。とはいえ、値段が安いので大体満足しています。","1,3,7",2.5,0,560
　,"　
商品がすぐに発送され、届くのが早かったです。大きさや外観は期待通りだったものの、動作する際の音が思ったよりも大きいです。それでも、価格が手頃なので良い印象です。","1,3,7",2.5,0,560
　,"　
注文した翌日に商品が届き、すぐに手元に届きました。素晴らしい買い物ができました！",7,2.5,0,646
　,"　
商品は迅速に届き、注文の翌日には手に入れることができました。良い買い物をしました。",7,2.5,0,646
　,"　
私のもとに商品がすぐに届き、翌日に受け取ることができました。とても満足のいく買い物でした。",7,2.5,0,646
　,"　
注文の次の日には商品が届き、すぐに受け取ることができました。とても良い買い物をしました。",7,2.5,0,646
　,"　
1年の保証が素晴らしい対応を提供しています。4ヶ月ほどで故障しましたが、メールを送ったら2日後には新しい掃除機が届きました。やっぱり信頼できる店舗で購入すると安心ですね。サポートがしっかりしています。",7,2.5,0,709
　,"　
素晴らしい1年保証のサポートがあります。約4ヶ月で故障した際、メールを送ったところ、2日後には新しい掃除機を送っていただけました。しっかりとした店舗で購入することの安心感を感じます。サポート体制が整っています。",7,2.5,0,709
　,"　
1年保証のサービスがとても良いです。4ヶ月ほど使用した後に故障し、メールを送信したところ、2日で新しい掃除機を届けてもらえました。やはりしっかりした店で買うと安心感があります。サポートがしっかりしています。",7,2.5,0,709
　,"　
素晴らしい1年保証の対応です。約4ヶ月で故障した際にメールを送ったところ、2日以内に新しい掃除機が届きました。やっぱり信頼できるお店で購入することは安心ですね。サポートがしっかりしています。",7,2.5,0,709
　,"　
今回届いた商品には残念ながら片方しか使えないという不具合がありましたが、メッセージを送ったところ迅速に対応していただき、新しい商品が届くのを待っています。試してみたところ、片方の作動はあり、風も涼しく感じましたが、音についてはまだ確認していません。欠陥があったものの、迅速な対応に感謝しているので、評価は星4です。","1,6,7",2.5,0,48
　,"　
商品が届いた際、残念ながら片方が動作しない不具合がありました。しかし、連絡をするとすぐに対応してもらえ、新しい商品を待っているところです。片方の動作はあったものの、風が涼しくて音はまだ確認していないため、気にならない印象を持ちました。欠陥商品でしたが、迅速な対応のおかげで星4を付けました。","1,6,7",2.5,0,48
　,"　
残念ながら、届いた商品は片方が作動しないという不具合がありましたが、メッセージを送るとすぐに対応していただき、新しい商品が届くのを待っています。片方は動作しましたが、風が涼しく、音についてはまだ試していないので、あまり気にならないように感じました。欠陥があったものの、迅速な対応のおかげで星は4としました。","1,6,7",2.5,0,48
　,"　
今回の商品には片方が作動しないという残念な欠陥がありましたが、メッセージを送ると迅速に対応してもらい、新しい商品を待っているところです。片方は作動し、風が涼しいのを感じましたが、音についてはまだ確認していないため、あまり気になりませんでした。欠陥があったにも関わらず、素早い対応をいただけたので、評価は星4にしました。","1,6,7",2.5,0,48
　,"　
外での使用が待ち遠しいです。配送が予定より早く届いて、とても助かりました。まだ外では使っていないものの、室内での起動音はあまり気になりませんでした。","1,4,7",2.5,0,59
　,"　
外で使うのが楽しみで仕方ありません。予定より早い配送がとてもありがたかったです。まだ外での使用経験はないですが、室内での起動音はそれほど気になりませんでした。","1,4,7",2.5,0,59
　,"　
外での使用が楽しみです。早めに配送していただけたのが助かりました。今のところ外では使っていませんが、室内では起動音があまり気になりませんでした。","1,4,7",2.5,0,59
　,"　
外での利用を楽しみにしています。配送が予定より早く届いたのは大変助かりました。まだ外で使用していませんが、室内での起動音はそこまで気になりませんでした。","1,4,7",2.5,0,59
　,"　
注文後すぐに届いたので、非常に助かりましたが、畑仕事用に購入した涼感プレートは思ったほど冷たくなく、逆に暖かい風が感じられて残念でした。しかし、家の中で使う分には普通に涼しさを感じられ、特に火を使う台所では良いと思いました。さらに、その後の対応が親切で丁寧だったのも良かったです。","1,4,7",2.5,0,86
　,"　
すぐに商品が届いたのは嬉しかったのですが、畑仕事用に購入した涼感プレートが全然冷たくなく、暖かい風が吹いてきたので少しがっかりしました。それでも、家の中で使用する分にはしっかり涼しさを感じ、火を使う場所では良かったと感じました。また、その後の説明や対応も非常に丁寧で感謝しています。","1,4,7",2.5,0,86
　,"　
迅速に届いたことには感謝していますが、畑仕事のために購入した涼感プレートが冷たく感じられず、暖かい風が来るのにはがっかりしました。ただし、家の中で使った場合は普通に涼しかったので、特に火を使う台所では役立ったと思います。また、その後の親切で丁寧な対応も非常に良かったです。","1,4,7",2.5,0,86
　,"　
注文してすぐに商品が届いたのは助かりましたが、畑仕事用に購入した涼感プレートが期待したほど冷たくなく、暖かい風が感じられたので少し失望しました。しかし、家の中では涼しさが感じられ、火を使う台所では良いと思いました。それに加えて、その後の丁寧で親切な対応がとても良かったです。","1,4,7",2.5,0,86
　,"　
冷凍庫が壊れてしまったので、Amazonで検索し、翌日には商品が届いたのが嬉しかったです。10年使った製品が故障したため、急いで購入しましたが、家庭に必要な家電として非常に便利です。",7,2.5,0,123
　,"　
10年目で冷凍庫が壊れ、すぐにAmazonで探して購入したところ、翌日には商品が届きました。家庭で欠かせない冷凍庫なので、ストック用にとても役立つ製品です。",7,2.5,0,123
　,"　
冷凍庫が故障したため、急いでAmazonで探して購入した結果、翌日に届いてとても嬉しかったです。10年使用した家電が壊れたので、家庭に必要なストック用として良い選択でした。",7,2.5,0,123
　,"　
10年目にして冷凍庫が壊れ、すぐにAmazonで購入を決めたところ、翌日に届いたのが良かったです。家庭にとって欠かせない冷凍庫として、ストック用にぴったりの製品です。",7,2.5,0,123
　,"　
とても満足しています。予想以上に大きくて嬉しかったです。冷凍・冷蔵の機能も完璧でした！配送も迅速でした。","1,7",2.5,0,126
　,"　
いい商品でした。期待していたよりもサイズが大きくて良かったです。冷蔵と冷凍の性能も問題ありません！配送もスムーズでした。","1,7",2.5,0,126
　,"　
とても良かったです。思ったよりもサイズが大きくて満足です。冷凍と冷蔵も申し分ないです！配送も早くて助かりました。","1,7",2.5,0,126
　,"　
素晴らしい商品でした。想像以上に大きくて良かったです。冷凍も冷蔵も完璧に機能しました！配送も迅速で満足しています。","1,7",2.5,0,126
　,"　
Amazonで購入した際の相性を考慮し、価格に見合った商品だと思います。ヤマト運輸の配達員は、置き配の際にインターフォンを鳴らして「ここに置いておきます」と声をかけてくれたので、問題なく所定の位置に設置できました。配達時に製品が破損するのではと心配していたのですが、以前の経験からそのようなトラブルがあったためです。天板の端は少し薄く、力をかけると壊れそうな印象がありますが、電子レンジなどの物を置くスペースは確保されています。","1,3,6,7",2.5,0,129
　,"　
購入時の相性を考え、Amazonでこの商品を選びましたが、価格に対して満足しています。ヤマト運輸の配達員が置き配の際にインターフォンを鳴らし、「ここに置いておきます」と言ってくださったので、スムーズに設置できました。以前、配達時に製品が壊れることがあったため、その点が気がかりでした。天板の端っこが少し柔らかく感じられ、強い力を加えると壊れるかもしれませんが、電子レンジなどを置けるスペースはあります。","1,3,6,7",2.5,0,129
　,"　
Amazonで購入した際の相性を考慮し、値段に見合った商品だと思いました。ヤマト運輸の配達員がインターフォンを鳴らして「ここに置いておきます」と伝えてくれたおかげで、順調に設置でき、以前の配達でのトラブルを意識していました。天板の端が少し薄く感じ、力をかけると壊れそうですが、電子レンジなどの物を置けるスペースはございます。年間の電力消費が約5000〜6000円ということで、経済的にも納得しており、全体的には満足しています。","1,3,6,7",2.5,0,129
　,"　
購入に際する相性を考えてAmazonで選びましたが、値段に対して納得しています。ヤマト運輸の配達員の方は、インターフォンを鳴らして「ここに置いておきます」と知らせてくれたので、スムーズに所定の位置に設置できました。配達時に製品が壊れるかもしれないと心配していたのですが、以前の経験からそのようなトラブルがあったためです。天板の端っこが少し柔らかく、力を加えると壊れそうな印象がありますが、電子レンジなどの物を置くことができます。","1,3,6,7",2.5,0,129
　,"　
商品説明に忠実で、とても素晴らしい商品でした。発送も迅速で、梱包が丁寧だったので安心できました。また次の機会にぜひ購入させていただきます。感謝しています。","6,7",2.5,0,169
　,"　
とても良い商品で、商品説明通りでした。梱包が丁寧で発送も早かったので、安心して受け取ることができました。次回もぜひ購入したいと思います。ありがとうございました。","6,7",2.5,0,169
　,"　
商品は説明通りで、とても満足のいくものでした。発送が迅速で、丁寧な梱包にも安心感がありました。機会があれば、また購入させていただきたいです。ありがとうございました。","6,7",2.5,0,169
　,"　
商品説明にぴったりの素晴らしい商品でした。発送も早く、丁寧な梱包で安心しました。また次回購入する機会があれば、ぜひお願いいたします。感謝の気持ちでいっぱいです。","6,7",2.5,0,169
　,"　
製品については満足しています。配送が迅速で、注文の翌日には手元に届きました。ただ、写真に示されている通り、蓋にひびが入っていて、すぐに交換手続きを行ったところ、代替品も速やかに届きました。使用感は非常に良好で、濃さの調整ができ、ブラックコーヒーやカフェラテなど、様々なコーヒーが楽しめます。","1,6,7",2.5,0,193
　,"　
商品自体は優れていると感じました。配達が早く、注文の次の日には届きましたが、写真にある通り蓋にひびが見つかり、すぐに交換手続きをしました。その後、代替品も迅速に対応され、翌日には届きました。使用感については良好で、濃さを調整しながら、ブラックコーヒーやカフェラテなど多様なコーヒーを作ることができます。","1,6,7",2.5,0,193
　,"　
製品は良いと思います。配送はスピーディーで、注文した翌日に届きましたが、蓋がひび割れていることに気づき、すぐに交換手続きをしました。交換品もすぐに対応され、次の日には届きました。使用感は申し分なく、濃さを調整してブラックコーヒーやカフェラテなど多彩なコーヒーを楽しめます。","1,6,7",2.5,0,193
　,"　
商品自体はとても良いと感じます。配送は早く、注文した翌日には届きましたが、写真の通り蓋がひび割れていたため、すぐに交換手続きをしました。交換品も迅速に届き、次の日には手元に届きました。使用感は良好で、濃さを調整しながら、ブラックコーヒーやカフェラテなど様々なコーヒーを作ることが可能です。","1,6,7",2.5,0,193
　,"　
とても美味しいです！これまで粉を使ったコーヒーメーカーを使っていましたが、思うような味が出せず、買い替えを考えていたところ、息子夫婦がこの商品を教えてくれました。文句なしの美味しさで、購入して本当に良かったと思います。商品は比較的早く届きました。","2,7",2.5,0,202
　,"　
すごく美味しいです！以前は粉を使うコーヒーメーカーを使っていましたが、納得のいく味が出せず、買い替えを検討していた際に息子夫婦からこちらを紹介されました。間違いなく美味しくて、購入して良かったです。思ったよりも早く届きました。","2,7",2.5,0,202
　,"　
本当に美味しいです！今まで粉を使ったコーヒーメーカーを使っていたのですが、理想の味に満足できず、買い直しを考えていたところ、息子夫婦にこの商品を薦められました。全く文句のない美味しさで、購入して大正解でした。配送も比較的早くて助かりました。","2,7",2.5,0,202
　,"　
驚くほど美味しいです！以前は粉を使用するコーヒーメーカーを使っていましたが、理想の味が出せずに買い替えを考えていた時、息子夫婦がこの商品を教えてくれました。文句なしに美味しく、購入して本当に良かったです。商品は早めに届きました。","2,7",2.5,0,202
　,"　
購入後すぐに一杯淹れたところ壊れてしまいましたが、メーカーに修理を依頼したところ、1週間ほどで修理が完了しました。エントリーモデルとして非常に満足しており、これからいろんな種類の豆を試して楽しむつもりです。今は快適に使えていますので、QOLが向上しました。","6,7",2.5,0,258
　,"　
エントリーモデルとしては十分な性能だと思います。初めての使用時に壊れてしまったものの、メーカーによる修理が迅速に行われ、1週間で完了しました。その後は問題なく快適に利用できており、様々な豆を試す楽しみがあります。結果的にQOLが向上しました。","6,7",2.5,0,258
　,"　
購入してすぐに一杯淹れた際に壊れましたが、修理をメーカーに依頼したところ、1週間で対応してもらえました。エントリーモデルとしては申し分なく、これから多様な豆を試して楽しむ予定です。現在は快適に使えており、QOLが向上しています。","6,7",2.5,0,258
　,"　
初回の使用で壊れてしまいましたが、メーカーに修理をお願いしたところ、1週間で修理が完了しました。これから様々な豆を試して楽しむつもりで、エントリーモデルとしては素晴らしい選択だと感じています。現在は快適に使用しており、QOLが向上しています。","6,7",2.5,0,258
　,"　
いろいろと手間がかかりましたが、付属品が欠けていたり、誤った品番の取扱説明書が同梱されていたり、動作しない商品があったため、2度返品して再発送を受けました。しかし、正常な商品が届いてからは、特に問題なく使えています。","6,7",2.5,0,266
　,"　
かなりの混乱がありましたが、付属品が足りなかったり、違う型番の説明書が入っていたり、動作しない製品があったため、2回の返品と再発送を経験しました。ですが、正常品が手元に届いてからは、スムーズに使用できています。","6,7",2.5,0,266
　,"　
勢いあまってドタバタしましたが、付属品が欠如していたり、異なる品番の取説が付いていたり、動作しなかった商品があって、2回返品して再配送となりました。それでも、正常な商品が届いてからは、問題なく使うことができています。","6,7",2.5,0,266
　,"　
一時は混乱しましたが、付属品が入っていなかったり、異なる品番の取扱説明書が入っていたり、動作しない製品に遭遇したため、2度返品し再発送となりました。しかし、正常品が届いてからは、特に問題なく使用しています。","6,7",2.5,0,266
　,"　
お手入れが簡単で、使い勝手が良いです。翌日に商品が届いたことに感謝しており、非常に清潔で美しい状態でした。早速使ってみると、水入れが取り外せて、意外にもコンパクトで、キッチンに置いてもスペースを取らず、使い方の選択肢も豊富でとても満足しています。お手入れは楽そうです。","1,4,6,7",2.5,0,311
　,"　
お手入れがしやすいのが嬉しいです。まず、発注から翌日には商品が届き、購入先には感謝しています。商品は非常に綺麗で、早速使ってみたところ、水入れが外せるうえ、コンパクトでキッチンでも邪魔にならず、使い方の選択肢が多くて大満足です。お手入れも簡単そうです。","1,4,6,7",2.5,0,311
　,"　
お手入れが簡単だと思います。まず、発注から早くも翌日に届いたことに感謝し、商品は清掃が行き届いていてとても美しかったです。すぐに使用してみたところ、水入れが取り外せて、意外にコンパクトで、キッチンに置いても気にならず、使い方も選べるため非常に満足しています。お手入れも楽である印象です。","1,4,6,7",2.5,0,311
　,"　
お手入れが容易である点が気に入っています。まず、注文後すぐに商品が届いたことに感謝し、商品は非常に清潔で美しい状態でした。早速使用してみたところ、水入れが取り外し可能で、コンパクトなためキッチンに置いても邪魔にならず、選択肢も豊富で満足しています。お手入れも楽そうです。","1,4,6,7",2.5,0,311
　,"　
商品を予定通り受け取ることができました。旧品に比べて冷却が迅速ですので、大切に使わせていただきます。","1,2,7",2.5,0,518
　,"　
受け取った商品は予定通りで、冷却性能が旧品よりも優れています。これを大切に使いたいと思います。","1,2,7",2.5,0,518
　,"　
予定通りに商品が届きました。旧品よりも冷却が早いので、大事に使いたいと考えています。","1,2,7",2.5,0,518
　,"　
商品は予定通りに届き、冷却が旧品よりもスピーディーです。これを大切に使用していきたいです。","1,2,7",2.5,0,518
　,"　
コストパフォーマンスが素晴らしいです！安価だったので特に期待せずに購入しましたが、これで十分だと思っています。冷凍庫が仕切られている点も気に入っています。弱めの設定にするとドア側の飲み物があまり冷えず、強めにすると壁側が凍ってしまいますが、置くものや場所を工夫すれば問題ありません。発送も迅速で、設置までしてもらえて非常に満足しています！","1,3,7",2.5,0,529
　,"　
最高のコストパフォーマンスです！安いので特に期待せずにとりあえず購入しましたが、これでいいかなと感じています。冷凍庫が仕切られているのも便利です。弱い設定ではドア側の飲み物があまり冷えず、強い設定では壁が凍りますが、置き方を考えれば問題ありません。発送も速く、設置もしてもらえて大満足です！","1,3,7",2.5,0,529
　,"　
コスパが非常に良いです！安価だったので特に期待せずに購入しましたが、これで十分だと思っています。冷凍庫の仕切りがあるのも良い点です。弱く設定するとドア側の飲み物が冷えにくく、強くすると壁が凍りますが、置く物や場所を考えれば問題はありません。発送も早く、設置もしていただけてとても満足しています！","1,3,7",2.5,0,529
　,"　
最高のコストパフォーマンスです！安価だったのであまり期待せずに購入しましたが、これでいいかと思っています。冷凍庫に仕切りがあるのも嬉しいです。弱めにするとドア側の飲み物が冷えず、強めにすると壁側が凍ってしまいますが、使い方を工夫すれば問題ありません。発送も迅速で、設置もしてもらえて大変満足しています！","1,3,7",2.5,0,529
　,"　
迅速な配送があり、とても助かりました。  
配送業者の方がとても親切で感謝しています。冷凍庫は三分割されていますが、思ったよりも使いづらいと感じました。ただ、サイズは問題なく、音も全く気にならなかったので、購入して良かったです。","1,7",2.5,0,540
　,"　
配送が早くて本当に助かりました。  
配送業者の方が非常に親切で、感謝の気持ちでいっぱいです。冷凍庫は三分割になっていますが、少し使いづらい印象を受けました。しかしサイズには問題がなく、音も気にならなかったので、買ってよかったと思います。","1,7",2.5,0,540
　,"　
助かったのは、配送がとても早かったことです。  
配送業者の方が親切だったので、本当に助かりました。冷凍庫は三分割ですが、予想以上に使いにくさを感じました。それでも、サイズは問題なく、音も気にならなかったので、購入して良かったと感じています。","1,7",2.5,0,540
　,"　
早い配送があったおかげで助かりました。  
配送業者がとても親切に対応してくれて、本当に感謝しています。冷凍庫は三分割ですが、思ったよりも使いにくいと感じました。しかし、サイズには問題なく、音も全然気にならなかったので、買って良かったです。","1,7",2.5,0,540
　,"　
必要のない機能は避けたかったので、ニトリの黒い冷蔵庫を検討中でした。同じメーカーの同じタイプで配送料がこちらの方が安かったため、色合いも気に入ってAmazonで購入しました。遠方にもかかわらず、到着までにわずか2日で、ヤマト運輸の配達と設置が非常に丁寧でした。耐久性については気になるところですが、それも理解した上で非常に満足しています。","1,2,7",2.5,0,555
　,"　
シンプルなデザインが好きで、余分な機能は必要ないと思っていたのでニトリの黒い冷蔵庫を検討していました。同じメーカーの同じタイプで配送料がこちらの方が安かったため、色もおしゃれで気に入ってAmazonで購入しました。遠い場所にもかかわらず、届くまでに2日という早さで、ヤマト運輸さんの配送と設置がとても丁寧でした。耐久性がどうか気になりますが、この点も承知の上で大変満足しています。","1,2,7",2.5,0,555
　,"　
余計な機能を排除したシンプルな商品を求めて、ニトリの黒い冷蔵庫を検討していました。配送料がこちらの方が安く、色もおしゃれだったため、Amazonで購入することにしました。僻地にも関わらず、到着まで中2日とスピーディーで、ヤマト運輸の配送と設置がとても丁寧でした。耐久性については少し不安もありますが、理解の上で非常に満足しています。","1,2,7",2.5,0,555
　,"　
シンプルさを重視して余分な機能は不要だと考え、ニトリの黒い冷蔵庫を検討していました。同じメーカーの同じタイプの中で配送料がこちらの方が安く、色も気に入ったため、Amazonで購入しました。遠くの地域にもかかわらず、到着までわずか2日で、ヤマト運輸による配達と設置がとても丁寧でした。耐久性については懸念がありますが、その点も承知の上でとても満足しています。","1,2,7",2.5,0,555
　,"　
発送は迅速で、商品は無事に届きました。サイズや外観は期待通りでしたが、動作時の音が予想以上に大きかったです。それでも、価格が手頃なので満足しています。","1,3,7",2.5,0,560
　,"　
商品はすぐに届き、サイズやデザインは想像通りでした。ただし、動作中の音が思ったよりも大きく感じました。しかし、値段が安いので悪くない印象です。","1,3,7",2.5,0,560
　,"　
迅速な発送で商品が届きました。大きさや見た目は全て予想通りでしたが、動作音が予想以上に大きかったのが残念です。それでも、価格が安いので許容範囲です。","1,3,7",2.5,0,560
　,"　
すぐに商品が届き、サイズや外観は期待通りでしたが、動作中の音が思っていたよりも大きいと感じました。それでも、手頃な価格なので満足しています。","1,3,7",2.5,0,560
　,"　
とても満足しています。価格が安いのに品質が良いです。配送も迅速でした。唯一少し音が大きい点が気になりますが、それほど気にはなりません。","1,3,7",2.5,0,580
　,"　
満足度が高いです。リーズナブルな価格で良い商品が手に入りました。到着も早くて助かりました。強いて言うなら音がややうるさいですが、特に問題はありません。","1,3,7",2.5,0,580
　,"　
非常に満足しています。安価なのに質が高いです。配送もスピーディでした。強いて言えば音が少し気になるものの、あまり気にしていません。","1,3,7",2.5,0,580
　,"　
満足しています。安いのに良い商品ですぐに届きました。音が少しうるさいことを除けば、特に問題は感じません。","1,3,7",2.5,0,580
　,"　
商品がすぐに届きました！注文をした翌日には手元に届き、満足のいく買い物ができました。",7,2.5,0,646
　,"　
注文した翌日に商品が到着しました！迅速な発送で、良い買い物をさせていただきました。",7,2.5,0,646
　,"　
すぐに商品が届いたので驚きました！翌日には手元に届き、素晴らしい買い物ができたと思います。",7,2.5,0,646
　,"　
商品が迅速に届きました！注文の翌日には到着し、素敵な買い物をしたと感じています。",7,2.5,0,646
　,"　
1年の保証が素晴らしく、4ヶ月ほど使用した後に故障しましたが、メールを送信したら2日以内に新しい掃除機が届きました。やはり信頼できる店舗で購入するのは安心ですね。サポートがしっかりしています。",7,2.5,0,709
　,"　
1年間の保証が素敵で、4ヶ月使った後に故障が発生しましたが、メールを送ったところ、2日で新しい掃除機を送ってもらえました。しっかりしたお店で購入することで安心感があります。サポート体制が整っています。",7,2.5,0,709
　,"　
4ヶ月ほど使ったところで故障してしまいましたが、1年保証が素晴らしいおかげで、メールを送ったら2日で新しい掃除機が届きました。やはり信頼できるお店で購入することは安心です。しっかりとしたサポートがあります。",7,2.5,0,709
　,"　
1年の保証があって素晴らしいと思います。4ヶ月で故障した際、メールを送ったら2日で新しい掃除機が届きました。信頼できるところで購入することで安心感が得られます。サポートが充実しています。",7,2.5,0,709
　,"　
今回届いた商品には残念ながら片方が動かないという不具合がありましたが、メッセージを送ると迅速に対応していただき、新しい商品が届くのを待っているところです。片方しか動かなかったものの、試してみた結果、風は涼しく感じられ、音についてはまだ首に当てていないので正確にはわかりませんが、気になるほどではないように思いました。この欠陥商品にもかかわらず、迅速な対応に感謝し、4日ほどで新しい商品が届くとのことなので、評価は星4にしました。","1,6,7",2.5,0,48
　,"　
残念ながら、届いた商品は片方が作動しない欠陥品でしたが、メッセージを送ったところ、すぐに対応していただき、新しい商品が届くのを楽しみにしています。片方の動作だけでしたが、試したところ、涼しい風を感じ、音についてはまだ首に当てていないため、はっきりとは言えませんが、気にならない印象を受けました。欠陥があったものの、迅速な対応をしてもらえたので、評価は星4としました。","1,6,7",2.5,0,48
　,"　
商品が届いた際、片方が作動しないという欠陥がありましたが、メッセージを送るとすぐに対応してもらえ、新しい商品が届くのを待っています。片方しか動作しなかったものの、試してみた結果、風は涼しく感じ、音についてはまだ首に当てていないのでわからないですが、気にはならないように思いました。今回の欠陥商品でも、迅速に対応していただいたので、4日ほどで新しい商品が届くとのことで、評価は星4にしました。","1,6,7",2.5,0,48
　,"　
今回届いた商品には残念ながら片方が作動しないという問題がありましたが、メッセージを送るとすぐに良い対応をしてもらい、新しい商品が届くのを待っています。片方の作動だけでしたが、実際に試してみると涼しい風が感じられ、音についてはまだ首に当てていないため、はっきりとは言えませんが、あまり気にならない印象です。不具合があったものの、迅速な対応に感謝し、4日ほどで新しい商品が届くとのことで、星4をつけました。","1,6,7",2.5,0,48
　,"　
室内での使用時には起動音があまり気にならなかったので、外で使うのが待ち遠しいです。配送が予定よりも早く届いて助かりました。","1,4,7",2.5,0,59
　,"　
室内で試した際には起動音がそれほど気にならなかったので、外での使用が楽しみです。配送が予定より早くてとても助かりました。","1,4,7",2.5,0,59
　,"　
外で使うのが楽しみで仕方ありません。室内での起動音はあまり気にならなかったので、早く外で試したいです。配送が早くて助かりました。","1,4,7",2.5,0,59
　,"　
まだ外では使っていないのですが、室内での起動音はそれほど気になりませんでした。予定より早く配送されて、とても助かりましたので、外での使用が楽しみです。","1,4,7",2.5,0,59
　,"　
すぐに商品が届いて助かりましたが、畑仕事用に購入したにもかかわらず、涼感プレートは全く冷たさを感じず、逆に暖かい風が吹いてきて残念でした。","1,4,7",2.5,0,86
　,"　
家の中で使う分には普通に涼しかったので、火を使うキッチンなどでは役立つと思いましたが、期待したほどの涼しさはありませんでした。","1,4,7",2.5,0,86
　,"　
注文後すぐに届いたのは良かったのですが、畑仕事のために購入した涼感プレートがまったく冷たく感じず、暖かい風が吹いてきたのにはガッカリしました。","1,4,7",2.5,0,86
　,"　
ただ、家の中では涼しさを感じられたので、火を使う場所では良いかもしれません。また、親切に説明していただけたのはとても良かったです。","1,4,7",2.5,0,86
　,"　
冷凍庫が壊れて10年目、すぐにAmazonで検索し決めたところ、翌日に届いて満足しました。家庭には欠かせない製品なので、ストック用には適した商品です。",7,2.5,0,123
　,"　
10年使った冷凍庫が故障し、すぐにAmazonで探して購入したら翌日には届いて良かったです。家庭電化製品として冷凍庫は必需品なので、ストック用には最適な製品です。",7,2.5,0,123
　,"　
冷凍庫が壊れて10年目に、Amazonで急いで探して購入したら、翌日に届いて安心しました。家庭では欠かせない冷凍庫なので、ストックするには良い選択です。",7,2.5,0,123
　,"　
10年目で冷凍庫が壊れ、早速Amazonで購入を決めたところ、翌日には届いてとても良かったです。冷凍庫は家庭にとって重要な電化製品なので、ストック用には優れた商品です。",7,2.5,0,123
　,"　
とても満足しています。予想以上にサイズが大きくて良かったです。冷凍と冷蔵の両方とも問題なく使えます！配送も迅速でした！","1,7",2.5,0,126
　,"　
素晴らしい商品でした。思ったよりも大きくて嬉しかったです。冷凍と冷蔵の状態も完璧です！配達もスピーディーでした！","1,7",2.5,0,126
　,"　
いい買い物ができました。予想以上に大きくて満足です。冷凍も冷蔵も問題なく使えました！配送もとても早かったです！","1,7",2.5,0,126
　,"　
とても良い商品でした。サイズが思っていたより大きくて良かったです。冷凍と冷蔵も完璧に対応しています！配送も迅速でした！","1,7",2.5,0,126
　,"　
購入時には相性が重要で、私はAmazonで購入しました。価格に見合った品質だと思います。ヤマト運輸の配達員が、置き配よりも一応確認のためにインターフォンを鳴らして「ここに置いておきます」と声を掛けてくれたおかげで、問題なく所定の位置に設置できました。配達中の破損が心配だったのですが、以前の経験から気になっていました。","1,3,6,7",2.5,0,129
　,"　
Amazonでの購入には自分との相性があり、値段に対して妥当だと感じました。ヤマト運輸の配達員が念のためインターフォンを鳴らして「ここに置きます」と伝えてくれたので、順調に受け取ることができました。以前は配達時に製品が壊れることが心配だったのですが、今回は大丈夫でした。","1,3,6,7",2.5,0,129
　,"　
購入時の相性を考慮して、Amazonで商品を選びました。価格は妥当だと思っています。配達員がインターフォンを鳴らし、「ここに置いておきます」と言ってくれたので、無事に指定した場所に設置できました。過去に配達時に製品が壊れるトラブルがあったため、少し心配していました。","1,3,6,7",2.5,0,129
　,"　
購入には相性が大切で、私はAmazonを利用しました。価格に対しては満足しています。ヤマト運輸の配達員がインターフォンを鳴らして「ここに置いておきます」と言ってくれたおかげで、スムーズに所定の位置に設置できました。配達中の破損が心配だったので、以前の経験が影響していました。","1,3,6,7",2.5,0,129
　,"　
商品説明に忠実で、とても素晴らしい商品でした。発送も迅速で、丁寧に梱包されていたので安心できました。次回もぜひ購入したいと思います。ありがとうございました。","6,7",2.5,0,169
　,"　
本当に素晴らしい商品で、商品説明そのものでした。発送は早く、梱包も丁寧だったので安心しました。また機会があれば、ぜひ購入したいです。ありがとうございました。","6,7",2.5,0,169
　,"　
商品は商品説明通りの素晴らしさで、非常に満足しています。発送が早く、しっかりとした梱包に安心しました。次回も購入を検討したいと思います。ありがとうございました。","6,7",2.5,0,169
　,"　
とても良い商品で、説明通りの品質でした。発送も迅速で、梱包が丁寧だったので安心しました。また機会があれば購入させていただきます。ありがとうございました。","6,7",2.5,0,169
　,"　
製品は非常に良いと思います。配送は迅速で、注文の翌日に届きました。しかし、写真に示されている通り、蓋にひび割れがあり、すぐに交換手続きを行ったところ、交換品も素早く対応してくれ、翌日には手元に届きました。使用感も良好で、濃さを調整でき、ブラックコーヒーやカフェラテなど、さまざまな種類のコーヒーを楽しむことができます。","1,6,7",2.5,0,193
　,"　
商品自体は素晴らしいです。配送はスピーディーで、注文した翌日に届きました。ただし、写真で見えるように蓋にひび割れがあり、すぐに交換をお願いしたところ、交換品も迅速に対応してくれ、翌日には届きました。使用感はとても良く、濃さを調整しながらブラックコーヒーやカフェラテなど多様なコーヒーが作れます。","1,6,7",2.5,0,193
　,"　
商品は良いと思います。配送は早くて、注文の次の日には手元に届きました。ただ、写真に見える通り蓋がひび割れていて、すぐに交換手続きをしたところ、対応が早く、交換品も次の日に届きました。使用感も満足でき、濃さを調整してブラックコーヒーやカフェラテなど、いろんなコーヒーを作ることができます。","1,6,7",2.5,0,193
　,"　
製品自体はとても良いと感じています。配送は早く、注文した翌日には届きました。しかし、写真の通り蓋にひびが入っていて、すぐに交換手続きをしましたが、交換品も迅速に対応され、次の日には届きました。使用感は良く、濃さを調整できるため、ブラックコーヒーやカフェラテなど、さまざまなコーヒーを楽しむことができます。","1,6,7",2.5,0,193
　,"　
とても美味しいです！これまで粉を使ったコーヒーメーカーを利用していましたが、思ったような味が出ず、買い替えを考えていました。そのとき、息子夫婦から教えてもらったのです。満足のいく美味しさで、購入して本当に良かったと思っています。届くのも比較的早かったです。","2,7",2.5,0,202
　,"　
本当に美味しいです！以前は粉を使うコーヒーメーカーを使っていましたが、思った通りの味が出ず、買い替えを検討していたところ、息子夫婦からこちらを紹介されました。全く文句のない美味しさで、購入して正解でした。配送も割と早く助かりました。","2,7",2.5,0,202
　,"　
めちゃくちゃ美味しいです！これまで粉を使ったコーヒーメーカーを使っていましたが、なかなか自分の好みの味にならず、買い替えを考えていたときに息子夫婦に教えてもらいました。文句なしで美味しく、購入してとても良かったです。届くのも思ったより早かったですね。","2,7",2.5,0,202
　,"　
すごく美味しいと感じました！今までは粉を使うコーヒーメーカーを使っていましたが、好みの味が出ず、買い替えを考えていたときに息子夫婦がこの商品を教えてくれました。全く不満のない美味しさで、購入して本当に良かったです。比較的早く届いたのも嬉しかったです。","2,7",2.5,0,202
　,"　
購入後すぐに一杯淹れたら壊れてしまいましたが、メーカーへの修理依頼は迅速に対応してもらえ、1週間ほどで完了しました。その後は快適に使えており、エントリーモデルとして文句なしの性能です。これから様々な豆を試して楽しむ予定ですので、QOLが向上しました。","6,7",2.5,0,258
　,"　
エントリーモデルとして非常に満足しており、これから多くの豆を試して楽しむのが待ち遠しいです。購入直後に一杯淹れた際に壊れてしまいましたが、メーカーの修理は1週間ほどで終わり、その後は快適に使用しています。QOLが向上したと感じています。","6,7",2.5,0,258
　,"　
私はエントリーモデルとして申し分ないと思います。購入してすぐに一杯淹れた後に壊れましたが、修理依頼をしたところ、1週間ほどで対応してもらえました。その後は問題なく快適に使用できており、さまざまな豆を試して楽しむことでQOLが向上しました。","6,7",2.5,0,258
　,"　
これから色々な豆を試して楽しむ予定で、エントリーモデルとしては十分満足しています。購入してすぐに一杯淹れた際に壊れましたが、メーカーの修理は迅速で1週間ほどで完了しました。その後は快適に使用しており、QOLが上がったと実感しています。","6,7",2.5,0,258
　,"　
バタバタしたものの、付属品が不足していたり、異なる品番の取扱説明書が同梱されていたり、動作しない商品があったために2回返品し、再発送を受けましたが、正常な商品が届いてからは問題なく使えています。","6,7",2.5,0,266
　,"　
いろいろとトラブルがありましたが、付属品が欠けていたり、異なる品番の説明書が入っていたり、動かない製品があったために2回返品して再発送をお願いしました。それでも正常品が届いた後は、スムーズに使用できています。","6,7",2.5,0,266
　,"　
いくつかの問題が発生し、付属品が無かったり、間違った品番の取扱説明書が同梱されていたり、製品が動かなかったために2度返品して再送してもらいましたが、正常品が届いてからは問題なく使用しています。","6,7",2.5,0,266
　,"　
いろいろと手間がかかりましたが、付属品が欠品していたり、異なる品番の取説が同封されていたり、動作しない商品があったために2度返品し、再発送を受けました。しかし、正常な商品が届いてからは問題なく使えています。","6,7",2.5,0,266
　,"　
手入れが簡単で、とても満足しています。まず、翌日に商品が届いたことに感謝しています。商品は非常に清潔で、使ってみると水入れが取り外せることや、意外にもコンパクトでキッチンでも邪魔にならないところが良かったです。お手入れも楽そうで、さらにフィルターの部分も取り外せるため、洗うのが簡単です。","1,4,6,7",2.5,0,311
　,"　
お手入れのしやすさが気に入っています。発注して翌日に届いたことに感謝し、商品は非常にきれいでした。使ってみると水入れが外せるので便利で、コンパクトなサイズがキッチンにぴったりです。カップの蓋やフィルター部分も取り外し可能で、手入れが楽そうです。","1,4,6,7",2.5,0,311
　,"　
とても清潔で、手入れがしやすい商品に感激しました。まず、注文した翌日に届いたことに感謝します。水入れは取り外せるし、意外とコンパクトで、キッチンに置いても邪魔になりません。フィルター部分も簡単に取り外せるので、手入れが楽だと感じました。","1,4,6,7",2.5,0,311
　,"　
この商品はお手入れが簡単で、とても満足しています。まず、発注から翌日に届いたことに感謝です。清掃が行き届いていて非常に綺麗で、水入れが取り外せるのが特に便利です。コンパクトなデザインでキッチンにぴったりで、フィルターやカップの蓋も簡単に外せるため、手入れが楽そうです。","1,4,6,7",2.5,0,311
　,"　
商品は予定通り届きましたが、冷却性能が旧モデルよりも優れています。大切に使っていきたいです。","1,2,7",2.5,0,518
　,"　
受け取った商品は予定通りで、冷却が旧型よりも迅速です。大事に使うつもりです。","1,2,7",2.5,0,518
　,"　
予定通りに商品が届きました。旧品と比較して冷却が速く、大切に使いたいと思っています。","1,2,7",2.5,0,518
　,"　
商品は問題なく予定通り受け取れました。冷却速度が旧品よりも早く、丁寧に使用したいと思います。","1,2,7",2.5,0,518
　,"　
コストパフォーマンスが素晴らしいです！  
安価だったので特に期待せずに購入しましたが、これで満足しています。  
冷凍庫が分かれている点も気に入っています。  
弱めに設定しているとドア側の飲み物があまり冷えず、強めにすると壁側が凍ってしまうのですが、置き場所を工夫すれば問題ありません。  
発送も迅速で設置もしてもらえたので、大変満足しています！","1,3,7",2.5,0,529
　,"　
価格に対する性能が抜群です！  
手頃な値段だったので期待せずに購入したのですが、これで十分だと思っています。  
冷凍庫が仕切られているのも便利です。  
弱めの設定ではドア側の飲み物があまり冷えず、強めだと壁側が氷になることがありますが、置き方を考えれば問題ありません。  
発送が早く、設置もしてもらえたので非常に満足しています！","1,3,7",2.5,0,529
　,"　
最適なコストパフォーマンスです！  
安価だったため特に期待せず購入しましたが、これで満足できると思っています。  
冷凍庫の仕切りがあるのも良い点です。  
弱い設定ではドアの方の飲み物が冷えず、強い設定では壁側が凍ってしまうこともありますが、置く物とその場所を考えることで解決できます。  
発送が速く、設置もしてもらえたのでとても満足です！","1,3,7",2.5,0,529
　,"　
素晴らしいコストパフォーマンス！  
安かったので特に期待せずに購入しましたが、これで十分かなと思っています。  
冷凍庫が仕切られているのも嬉しいポイントです。  
弱めにしておくとドア側の飲み物が冷えにくく、強めにすると壁側が凍ってしまうこともありますが、置き方次第で問題ありません。  
発送も早く、設置もしてもらえて大変満足しています！","1,3,7",2.5,0,529
　,"　
配送が迅速で、とても助かりました。","1,7",2.5,0,540
　,"　
とても親切な配送業者の方に支えられ、感謝しています。","1,7",2.5,0,540
　,"　
冷凍庫は三分割になっていますが、予想以上に使いにくいと感じました。","1,7",2.5,0,540
　,"　
サイズは問題なく、音も全く気にならなかったので、購入して良かったです。","1,7",2.5,0,540
　,"　
余計な機能は必要ないので、ニトリの黒い冷蔵庫を検討していました。同じタイプで配送料が安かったのと、お洒落な色に惹かれたため、Amazonで購入しました。僻地にもかかわらず、配送は中2日と早く、ヤマト運輸によるお届けと設置も非常に丁寧でした。耐久性がどうか気になりますが、それも承知でとても満足しています。","1,2,7",2.5,0,555
　,"　
シンプルなデザインを重視して、ニトリの黒い冷蔵庫を検討していました。同じメーカーの同じタイプで送料がこちらの方が安く、お洒落な色が気に入ったのでAmazonで購入しました。僻地にもかかわらず、2日で届き、ヤマト運輸の丁寧なお届けと設置に感心しました。耐久性が気になりますが、それを承知で非常に満足しています。","1,2,7",2.5,0,555
　,"　
ニトリの黒い冷蔵庫を考えていたのは、余計な機能がいらないからです。同じメーカーの同じタイプで配送料が安かった上に、色がお洒落だったためAmazonで購入しました。僻地にもかかわらず、中2日で届き、ヤマト運輸の丁寧なお届けと設置には感謝しています。耐久性がどうかは気になりますが、それも理解した上で満足しています。","1,2,7",2.5,0,555
　,"　
シンプルな機能を求めて、ニトリの黒い冷蔵庫を考えていました。同じタイプで配送料が安いことと、お洒落な色に惹かれてAmazonで購入しました。僻地にもかかわらず、配送は中2日と素早く、ヤマト運輸の丁寧な設置作業にも満足しています。耐久性が心配ではありますが、それも承知の上で非常に満足しています。","1,2,7",2.5,0,555
　,"　
発送が迅速で無事に届きました。サイズや外観は全て予想通りですが、動作中の音が予想以上に大きいです。ただ、価格が安いので満足しています。","1,3,7",2.5,0,560
　,"　
届くのが早くて助かりました。大きさやデザインは期待通りですが、動作時の音が思っていたよりも大きいです。それでも、価格がリーズナブルなので良い印象です。","1,3,7",2.5,0,560
　,"　
すぐに発送され、無事に手元に届きました。サイズや見た目はすべて思った通りですが、動作音が予想よりも大きいのが気になります。しかし、値段が手頃なので悪くはありません。","1,3,7",2.5,0,560
　,"　
素早く届いてとても満足しています。大きさや外観は思った通りですが、動作中の音は予想以上に大きいです。ただ、価格が安いので、それを考慮すると良いと思います。","1,3,7",2.5,0,560
　,"　
満足しています。価格が安いのに質が良いです。配送も迅速で、音が少し気になるものの、あまり気にしていません。","1,3,7",2.5,0,580
　,"　
満足度が高いです。リーズナブルな価格なのに、品質は良好です。配送も早くて助かりました。ただ、音が少々うるさいですが、それほど気になりません。","1,3,7",2.5,0,580
　,"　
とても満足しています。お手頃価格なのに、満足できる品質です。発送も迅速で、唯一の欠点は音が少し大きいことですが、あまり気にしていません。","1,3,7",2.5,0,580
　,"　
満足です。安価なのに、良い商品です。すぐに届いたのも嬉しい点です。強いて言えば音が少し大きいですが、それほど気にはなりません。","1,3,7",2.5,0,580
　,"　
商品がすぐに届きました！注文の翌日には手元に届き、良い買い物ができました。",7,2.5,0,646
　,"　
注文してから翌日には商品が到着しました。素早い配送で満足のいく買い物ができました。",7,2.5,0,646
　,"　
すぐに商品が届きました！翌日には手元にあり、素晴らしいショッピング体験をしました。",7,2.5,0,646
　,"　
注文した翌日に商品が届き、迅速な対応に感謝しています。良い買い物ができました。",7,2.5,0,646
　,"　
1年の保証が素晴らしく、4ヶ月ほどで故障した際、メールを送ると2日後に新しい掃除機が届きました。やはり信頼できる店舗で購入するのは安心です。サポートがしっかりしています。",7,2.5,0,709
　,"　
4ヶ月ほどで故障したのですが、素晴らしい1年保証のおかげで、メールを送ってから2日で新しい掃除機を送ってもらえました。やはりしっかりしたお店で購入することは安心につながります。",7,2.5,0,709
　,"　
1年保証のサービスが素晴らしく、4ヶ月で故障したときにメールをしたら2日で新しい掃除機が届きました。しっかりした店舗での購入は安心感がありますね。サポート体制がしっかりしています。",7,2.5,0,709
　,"　
4ヶ月ほどで故障した掃除機ですが、1年保証が素晴らしく、メールを送ると2日後には新しいものが届きました。やはり信頼できる場所で購入するのは安心です。サポートがしっかりとしています。",7,2.5,0,709
　,"　
商品が届いたものの、残念ながら一方しか動作しない不良品でした。しかし、メッセージを送ると迅速に対応していただき、新しい商品が届くのを今待っているところです。片方だけの動作でしたが、試してみると風は涼しく、音についてはまだ首に当てていないので明確には言えませんが、気にならない感じでした。欠陥品でしたが、すぐに対応してもらったので、星は4つにしました。","1,6,7",2.5,0,48
　,"　
残念ながら届いた商品は片方しか機能しない欠陥品でしたが、メッセージを送ると迅速な対応をしていただき、新しい商品を待っている状況です。動作する片方を試してみたところ、とても涼しい風が感じられましたが、音についてはまだ首に当てていないため、はっきりとは言えませんが、あまり気にならない印象です。欠陥があったものの、素早い対応に感謝しているので、星は4つとしました。","1,6,7",2.5,0,48
　,"　
今回届いた商品は片方が動作しないという残念な欠陥品でしたが、メッセージを送るとすぐに対応していただき、新しい商品が届くのを待っています。片方だけを試したところ、風は非常に涼しく感じられましたが、音についてはまだ使用していないので確認できていませんが、あまり気にならないように感じました。欠陥品でしたが、迅速な対応に感謝しているので、評価は星4つにしました。","1,6,7",2.5,0,48
　,"　
商品が届いた際、片方だけが作動するという残念な状態でしたが、メッセージを送ったら迅速に対応してくださり、今は新しい商品の到着を待っているところです。片方の動作を試してみた結果、風は心地よく感じられましたが、音についてはまだ首に当てていないため、はっきりは分かりませんが、気にならないように思いました。今回の欠陥品に対してもすぐに対応していただいたので、評価は4つ星にしました。","1,6,7",2.5,0,48
　,"　
屋外での使用が待ち遠しいです。予定より早く届いて、とても助かりました。まだ外では試していませんが、室内での音はあまり気になりませんでした。","1,4,7",2.5,0,59
　,"　
外で使うのが楽しみで仕方ありません。配送が予定よりも早くて助かりました。まだ外では使用していないものの、室内では起動音が気になるほどではありませんでした。","1,4,7",2.5,0,59
　,"　
屋外での使用を楽しみにしています。早めに届けていただいたおかげで助かりました。まだ外では試していないですが、室内での音はそれほど気にならない程度でした。","1,4,7",2.5,0,59
　,"　
外で使うのが楽しみです。配送が予定よりも早く到着して助かりました。まだ屋外では使っていませんが、室内では起動音があまり気になりませんでした。","1,4,7",2.5,0,59
　,"　
すぐに届いたので助かりましたが、涼感プレートは期待したほど冷たくなく、暖かい風が吹いてきて残念でした。畑仕事用に購入したのですが、家の中では普通に涼しかったので、火を使う台所では役立ったと思います。その後、丁寧に対応していただけたのは大変良かったです。","1,4,7",2.5,0,86
　,"　
注文後すぐに届いて助かったものの、涼感プレートが全然冷たく感じず、暖かい風が吹いてきてガッカリしました。畑仕事のために購入したのですが、家の中では普通に涼しかったので、火を使う台所では使えたと思います。さらに、親切に説明していただけたのはとても良かったです。","1,4,7",2.5,0,86
　,"　
注文した商品はすぐに届いてとても助かりましたが、涼感プレートは全く冷たく感じず、暖かい風が来てがっかりしました。畑仕事に使用するために購入したのですが、室内では普通に涼しかったので、火を使う台所では役立ったと思います。その後、親切に対応していただけたのが良かったです。","1,4,7",2.5,0,86
　,"　
すぐに届いて助かったものの、涼感プレートが思ったほど冷たくなく、暖かい風が来て残念でした。畑仕事用に購入したのですが、家の中での使用は普通に涼しかったので、火を使う台所では良かったと思います。その後、丁寧に説明してもらえたのは大変良かったです。","1,4,7",2.5,0,86
　,"　
冷凍庫が10年目に壊れたため、急いでAmazonで探して購入したところ、翌日に届いてとても良かったです。ストック用としては欠かせない家庭電化製品なので、満足しています。",7,2.5,0,123
　,"　
10年使った冷凍庫が故障し、すぐにAmazonで検索した結果、翌日には製品が届いて嬉しかったです。家庭では冷凍庫が重要な電化製品なので、手早く手に入れられて助かりました。",7,2.5,0,123
　,"　
冷凍庫が10年目に壊れてしまい、急いでAmazonで購入を決めると、翌日には届いて良かったです。家庭にとって冷凍庫は欠かせないアイテムなので、素早くストックできる製品が見つかり満足です。",7,2.5,0,123
　,"　
10年使った冷凍庫が壊れてしまい、Amazonで早速検索したところ、翌日に届いたのは良かったです。冷凍庫は家庭で必需品ですので、ストック用には最適な製品だと思います。",7,2.5,0,123
　,"　
期待以上の大きさで満足しました。冷凍も冷蔵も問題なく使えますし、配送もスピーディでした！","1,7",2.5,0,126
　,"　
思っていたよりもサイズが大きくて良かったです。冷凍と冷蔵の機能も完璧で、配送も迅速でした！","1,7",2.5,0,126
　,"　
サイズが思ったより大きくて嬉しかったです。冷凍と冷蔵の性能も優れており、配送もとても早かったです！","1,7",2.5,0,126
　,"　
予想以上の大きさで満足しました。冷凍も冷蔵もバッチリ機能しており、配送も迅速でした！","1,7",2.5,0,126
　,"　
Amazonで購入した際には相性が重要だと感じました。価格は妥当だと思います。ヤマト運輸の配達員がインターフォンを鳴らして「ここに置いておきます」と声をかけてくれたおかげで、問題なく指定の場所に設置できました。冷凍庫のトラブルが心配だったのですが、以前の経験が影響していました。","1,3,6,7",2.5,0,129
　,"　
購入時の相性を考え、Amazonで注文しました。価格はそれなりだと感じます。配達員の方が念のためインターフォンを鳴らし、「ここに置いておきますね」と言ってくれたおかげで、問題なく所定の場所に置けました。以前の冷凍庫でのトラブルが気になっていたのですが、無事でした。","1,3,6,7",2.5,0,129
　,"　
購入の際に相性を考慮し、Amazonでの購入を決めました。価格に見合った商品だと思います。ヤマトの配達員がインターフォンを鳴らし、「ここに置いておきますから」と声をかけてくれたことで、スムーズに設置できました。過去のトラブルが気がかりでしたが、今回は問題ありませんでした。","1,3,6,7",2.5,0,129
　,"　
相性を考えた上で、Amazonで購入しましたが、値段に対して納得しています。配達員がインターフォンを鳴らして「ここに置いておきます」と教えてくれたので、安心して指定の場所に設置できました。以前のトラブルが頭にあったものの、今回は全て順調でした。","1,3,6,7",2.5,0,129
　,"　
商品説明に沿った素晴らしい商品で、とても満足しています。発送も迅速で、梱包も丁寧だったので安心して受け取ることができました。また機会があればぜひ購入したいと思います。ありがとうございました。","6,7",2.5,0,169
　,"　
とても良い商品で、商品説明通りでした。発送も早く、丁寧な梱包に安心感を覚えました。次回も機会があればぜひ購入します。ありがとうございました。","6,7",2.5,0,169
　,"　
商品は説明通りの素晴らしさで、大変満足しています。梱包も丁寧で発送も迅速だったので、安心して受け取ることができました。また購入の機会があれば是非利用したいです。ありがとうございました。","6,7",2.5,0,169
　,"　
商品説明通りの品質で、非常に良い商品でした。発送が早く、梱包も丁寧だったので安心しました。次回機会があれば、ぜひ再度購入したいと思います。感謝いたします。","6,7",2.5,0,169
　,"　
製品自体は素晴らしいと感じました。配送は迅速で、翌日には手元に届きました。ただし、蓋にひび割れが見られたため、すぐに交換手続きを行ったところ、交換品も素早く対応してくれ、次の日に届きました。使用感も良好で、濃さの調整が可能であり、ブラックコーヒーやカフェラテなど多様なコーヒーを楽しめます。","1,6,7",2.5,0,193
　,"　
この製品は非常に良いと思いました。配送も早く、注文した翌日には商品が届きました。しかし、写真にあったように蓋にひび割れがあり、すぐに交換をお願いしたところ、迅速に対応してくれて、次の日には新しい商品が届きました。使用感はとても満足しており、濃さの調整ができ、ブラックコーヒーからカフェラテなど様々な種類のコーヒーを作れます。","1,6,7",2.5,0,193
　,"　
製品自体には満足しています。配送が素早く、次の日には手元に届きました。ただ、写真通りに蓋にひび割れがあったため、すぐに交換を依頼しましたが、交換品もすぐに送られ、翌日に届きました。使い心地も良く、濃さを調整できるため、ブラックコーヒーやカフェラテなど多彩なコーヒーを楽しむことができます。","1,6,7",2.5,0,193
　,"　
製品自体はとても良いと思います。配送はスピーディで、注文した翌日に届きました。しかし、写真の通り蓋にひび割れがあったため、交換手続きを即座に行ったところ、迅速に対応してくれ、交換品も翌日には届きました。使用感も良く、濃さの調整が可能で、ブラックコーヒーやカフェラテなど多様なコーヒーを作ることができます。","1,6,7",2.5,0,193
　,"　
とても美味しいです！これまで粉を使うコーヒーメーカーを利用していましたが、思うような味が出なかったので買い替えを考えていたとき、息子夫婦がこちらを教えてくれました。文句のつけようがない美味しさです！購入して本当に良かったと思います。商品は割と早く届きました。","2,7",2.5,0,202
　,"　
すごく美味しかったです！以前は粉を使うコーヒーメーカーを使っていましたが、理想的な味が出ずに買い替えを検討していたところ、息子夫婦から勧められました。全く文句がない美味しさです！購入して本当に満足しています。意外と早く手元に届きました。","2,7",2.5,0,202
　,"　
本当に美味しいです！今までは粉を使うコーヒーメーカーを使用していましたが、なかなか好みの味にならず、買い替えを考えていた時に息子夫婦がこの商品を教えてくれました。文句なしに美味しいです！購入して良かったと実感しています。比較的早めに届きました。","2,7",2.5,0,202
　,"　
驚くほど美味しいです！これまで粉を使ったコーヒーメーカーを使っていましたが、思った通りの味が出ずに買い替えを考えていたところ、息子夫婦がこちらを勧めてくれました。全く文句がない美味しさです！購入して本当に良かったです。早めに届いたのも良かったです。","2,7",2.5,0,202
　,"　
QOLが向上します。このエントリーモデルはかなり優れていると思います。これからさまざまな豆を試して楽しむつもりです。購入後すぐに一杯淹れたところ壊れてしまいましたが、メーカーに修理を依頼すると1週間ほどで対応してもらえました。壊れるのは早かったですが、修理も迅速でした。その後は快適に使えています。","6,7",2.5,0,258
　,"　
生活の質が向上します。このエントリーモデルは特に問題ないと思います。今後、いろいろな豆を試して楽しみたいです。購入後すぐに一杯淹れたところ壊れたため、メーカーに修理をお願いしましたが、1週間程度で完了しました。壊れるのは早かったですが、修理の対応は素早かったです。その後は快適に利用しています。","6,7",2.5,0,258
　,"　
QOLが向上すると実感しています。このエントリーモデルには特に不満はありません。これから多様な豆を試して楽しむ予定です。購入直後に一杯淹れた際に故障しましたが、メーカーに修理を依頼したところ、1週間ほどで完了しました。故障が早かったものの、修理も迅速に行われました。その後は快適に使わせていただいています。","6,7",2.5,0,258
　,"　
生活の質が上がります。このエントリーモデルは十分な性能を持っていると思います。これから様々な豆を試して楽しむつもりです。購入してすぐに一杯淹れた後に壊れたので、メーカーに修理を依頼しましたが、約1週間で完了しました。壊れるのが早かったですが、修理もスピーディーでした。その後は快適に使えています。","6,7",2.5,0,258
　,"　
バタバタしたものの、付属品が欠けていたり異なる品番の説明書が同梱されていたり、動作しない製品があったため、2回の返品と再発送がありましたが、正常な商品が届いてからは問題なく使えています。","6,7",2.5,0,266
　,"　
一時的に混乱がありましたが、付属品が欠けていたり、別の品番の取扱説明書が入っていたり、動作しない商品があったために2回返品して再発送されました。しかし、正常品が届いてからは特に問題なく使用しています。","6,7",2.5,0,266
　,"　
いくつかのトラブルがありましたが、付属品が不足していたり異なる品番の取扱説明書が含まれていたり、動作不良の製品があったために2回返品し再発送してもらいましたが、正常な商品が届いてからはスムーズに使用できています。","6,7",2.5,0,266
　,"　
ドタバタした経緯がありましたが、付属品が不足していたり、異なるモデルの取扱説明書が入っていたり、動作しない商品があったため、2度返品して再発送となりました。しかし、正常品が届いた後は問題なく使えています。","6,7",2.5,0,266
　,"　
お手入れが簡単で助かります。発注した翌日に商品が届き、購入先には感謝の気持ちでいっぱいです。商品は非常に清潔で美しい状態でした。早速使ってみると、水入れが外せることや、意外にコンパクトでキッチンに置いても邪魔にならない点、様々な入れ方が選べる点にとても満足しています。","1,4,6,7",2.5,0,311
　,"　
お手入れが楽にできるのが魅力です。まず、注文した翌日に届いたことに感謝しています。商品は清掃が行き届いており、非常に綺麗でした。使ってみると、水入れの取り外しや、コンパクトなサイズでキッチンに置いても気にならないこと、入れ方の選択肢が豊富なことに満足感を覚えました。","1,4,6,7",2.5,0,311
　,"　
清掃がしやすくて嬉しいです。発注から翌日には商品が届き、購入先に感謝しています。商品はとても清潔で、使ってみると水入れが外せることや、意外と場所を取らずにキッチンに収まる点、入れ方の選択ができる点に非常に満足しています。","1,4,6,7",2.5,0,311
　,"　
お手入れが簡単で、とても気に入っています。まず、注文してから翌日に商品が届いたことに感謝です。商品は清掃が行き届いていて、非常に美しかったです。実際に使ってみると、水入れが取り外せることや、意外にコンパクトでキッチンに置いても邪魔にならない点、様々な入れ方が可能な点にとても満足しています。","1,4,6,7",2.5,0,311
　,"　
受け取った商品は予定通りで、冷却速度が旧モデルよりも速いです。大切に使わせていただきます。","1,2,7",2.5,0,518
　,"　
予定通りに商品を受け取りましたが、冷却が前の製品よりも迅速です。大事に使っていきたいと思います。","1,2,7",2.5,0,518
　,"　
商品は予定通り届きましたが、旧品と比べて冷却が早いです。大切に使いたいと考えています。","1,2,7",2.5,0,518
　,"　
予定通りに商品を手に入れましたが、冷却性能が旧品よりも向上しています。大切に使っていきたいです。","1,2,7",2.5,0,518
　,"　
コストパフォーマンスが素晴らしいです！  
安価だったので特に期待せずに購入しましたが、これで十分だと感じています。  
冷凍庫が分かれているのも便利です。  
弱めの設定にするとドア側の飲み物があまり冷えず、強くすると壁側が凍ってしまいますが、置くものや場所を考慮すれば問題ありません。  
発送も迅速で設置もしてもらえたので、大変満足しています！","1,3,7",2.5,0,529
　,"　
コスパが非常に良いです！  
安かったのであまり期待せずに購入しましたが、これで満足できると思っています。  
冷凍庫が仕切られているのがとても良いです。  
弱い設定だとドア側の飲み物が冷えにくく、強いと壁側が凍りますが、置くものやその位置を考えれば問題はありません。  
発送が早く、設置もしてくれたので満足度は高いです！","1,3,7",2.5,0,529
　,"　
優れたコストパフォーマンスです！  
手頃な価格だったので期待せずに購入しましたが、これで十分だと思っています。  
冷凍庫が仕切られているのはとても便利です。  
弱めの設定にするとドア側の飲み物があまり冷えず、強めにすると壁側が凍りがちですが、置き方を工夫すれば特に問題はありません。  
発送も迅速で設置もしてもらえたので、非常に満足しています！","1,3,7",2.5,0,529
　,"　
コストパフォーマンスが抜群です！  
安価だったため、特に期待せずに購入しましたが、これで大丈夫だと感じています。  
冷凍庫の仕切りがあるのも良いポイントです。  
設定を弱めにするとドア付近の飲み物が冷えにくく、強めにすると壁側が凍りますが、物の置き方と場所を考えれば問題ありません。  
発送も速く、設置も行ってもらえたのでとても満足しています！","1,3,7",2.5,0,529
　,"　
配送が迅速だったので、とても助かりました。","1,7",2.5,0,540
　,"　
配送業者の方が非常に親切で、感謝しています。","1,7",2.5,0,540
　,"　
冷凍庫は三分割になっていますが、意外に使いにくさを感じました。","1,7",2.5,0,540
　,"　
サイズは問題なく、音も全く気にならなかったので、購入して良かったです。","1,7",2.5,0,540
　,"　
余分な機能は必要ないため、ニトリの黒い冷蔵庫を考えていました。配送料がこちらの方が安く、色もおしゃれだったので、同じメーカーの同タイプをAmazonで購入しました。僻地にも関わらず、届くまでに2日しかかからず、ヤマト運輸の配送と設置は非常に丁寧でした。耐久性については不安もありますが、それを承知の上でとても満足しています。","1,2,7",2.5,0,555
　,"　
シンプルな機能が好みなので、ニトリの黒い冷蔵庫を選ぶことにしました。配送料が安く、デザインも気に入ったため、同じタイプをAmazonで購入しました。届くのが僻地にもかかわらず、わずか2日で、ヤマト運輸のサービスは丁寧でした。耐久性については気になりますが、それを理解した上で非常に満足しています。","1,2,7",2.5,0,555
　,"　
必要のない機能は欲しくないので、ニトリの黒い冷蔵庫を考慮していました。同じメーカーの同じタイプで、こちらの方が配送料が安く、おしゃれな色が気に入ったのでAmazonで買いました。到着までが僻地でも中2日と早く、ヤマト運輸の配送と設置が非常に丁寧でした。耐久性については心配ですが、それを承知の上で大変満足しています。","1,2,7",2.5,0,555
　,"　
シンプルさを重視しているため、ニトリの黒い冷蔵庫を検討しました。こちらの方が配送料が安く、色もおしゃれだったので、同じタイプをAmazonで購入しました。僻地にもかかわらず配送は中2日で早く、ヤマト運輸のサービスは丁寧でした。耐久性がどうかは気になりますが、理解した上で非常に満足しています。","1,2,7",2.5,0,555
　,"　
発送が迅速で、すぐに届きました。サイズや見た目は全て期待通りですが、動作中の音が予想以上に大きいです。それでも価格が手頃なので満足しています。","1,3,7",2.5,0,560
　,"　
商品はすぐに届き、発送が早かったです。大きさや外観はイメージ通りですが、動作音が思ったよりも大きく感じます。しかし、安価なため許容範囲です。","1,3,7",2.5,0,560
　,"　
すぐに発送されて、無事に届きました。大きさやデザインは期待通りですが、稼働時の音が予想以上に大きいです。それでも値段が安いので、良い買い物だと思います。","1,3,7",2.5,0,560
　,"　
商品は迅速に発送され、すぐに手元に届きました。大きさや外見は全て想像通りですが、動作時の音が思ったよりも大きいです。しかし、価格が安いので、まあ良しとしています。","1,3,7",2.5,0,560
　,"　
価格が安いのに、品質が良くて満足しています。","1,3,7",2.5,0,580
　,"　
早く商品が届きましたが、強いて言えば音が少し気になるかもしれませんが、そこまで気になりません。","1,3,7",2.5,0,580
　,"　
コストパフォーマンスが良くて満足しています。","1,3,7",2.5,0,580
　,"　
音が少しうるさいと感じることもありますが、全体的には満足できる商品です。","1,3,7",2.5,0,580
　,"　
商品がすぐに届きました！注文した次の日に商品が手元にあり、満足のいく買い物ができました。",7,2.5,0,646
　,"　
注文してからすぐに商品が届きました！翌日には手元に届き、良い買い物ができたと感じています。",7,2.5,0,646
　,"　
私の元に商品がすぐに到着しました！注文の翌日には届き、素晴らしい買い物になりました。",7,2.5,0,646
　,"　
商品が迅速に届きました！注文の翌日には商品が手に入り、いい買い物ができたと嬉しく思います。",7,2.5,0,646
　,"　
1年間の保証があり、対応が素晴らしいです。故障してから4ヶ月ほど経った際にメールを送ると、2日後には新しい掃除機が届きました。信頼できる店舗で購入することの安心感を実感しました。サポートがしっかりしていて、非常に満足しています。",7,2.5,0,709
　,"　
保証が1年あるため、対応が素晴らしいと感じました。4ヶ月ほどで故障したのでメールを送ったところ、わずか2日で新しい掃除機が送られてきました。しっかりした店舗で買うと安心できると実感しました。サポートがきちんとしていて、満足度が高いです。",7,2.5,0,709
　,"　
1年保証のサービスが素晴らしいです。4ヶ月くらいで故障した際、メールを送ったら2日後に新しい掃除機が届きました。やはり、信頼できるお店で購入することは安心です。サポート体制が整っていて、非常に満足しています。",7,2.5,0,709
　,"　
素晴らしい1年保証の対応に感謝しています。約4ヶ月後に故障した際にメールをしたら、2日で新しい掃除機を送ってもらえました。やはり、信頼できるところで購入すると安心感があります。しっかりとしたサポートが提供されていて、とても満足しています。",7,2.5,0,709
　,"　
今回届いた商品には残念ながら片方が作動しないという欠陥がありましたが、メッセージを送ったところ迅速に対応してもらい、現在新しい商品が届くのを待っているところです。片方だけの作動でしたが試してみたところ、風は涼しく感じられ、音についてはまだ首に当てていないためはっきりとは言えませんが、気にならない程度でしたので、欠陥商品でも迅速な対応に感謝し、星は4つにしました。","1,6,7",2.5,0,48
　,"　
残念ながら、今回届いた商品は片方が作動しない欠陥がありましたが、すぐにメッセージを送ったところ、迅速に対応していただき、今は新しい商品が届くのを待っています。試してみたところ、片方しか動かないものの涼しい風を感じ、音についてはまだ首に当てていないため明確には言えませんが、あまり気にならないと感じたので、今回の欠陥商品にもかかわらず、迅速な対応に感謝して星は4としました。","1,6,7",2.5,0,48
　,"　
室内での起動音はそれほど気にならず、外での使用が待ち遠しいです。配送が予定より早く届いて助かりました。","1,7",2.5,0,59
　,"　
まだ外では使っていませんが、室内での起動音はあまり気になりませんでした。外での使用が楽しみで、早めの配送には感謝です。","1,7",2.5,0,59
　,"　
注文してすぐに商品が届いたのは助かりましたが、畑仕事のために購入した涼感プレートは全く冷たさを感じず、暖かい風が吹いてきて残念でした。ただ、家の中では普通に涼しく、特に火を使う台所では良かったように思います。その後、親切で丁寧な説明と対応をしていただけたのは非常に良かったです。","1,4,7",2.5,0,86
　,"　
すぐに商品が届いたのはありがたかったのですが、畑仕事用に購入した涼感プレートは全然冷たく感じず、暖かい風が吹いてきたのでがっかりしました。しかし、自宅で使う分には涼しかったため、火を使う台所では役立ったと思います。その後の対応も親切で丁寧だったので大変良かったです。","1,4,7",2.5,0,86
　,"　
冷凍庫が壊れてしまい、急いでAmazonで探したところ、翌日には届いたのでとても良かったです。家庭に欠かせない製品なので、ストック用として非常に便利です。",7,2.5,0,123
　,"　
10年使った冷凍庫が故障し、すぐにAmazonで探して注文した結果、翌日に届けてもらえて良かったです。家庭電化製品として必要不可欠な冷凍庫なので、ストック用には適した製品です。",7,2.5,0,123
　,"　
とても満足しています。予想以上に大きくて良かったです。冷凍・冷蔵ともに問題なく使えましたし、配送も迅速でした！","1,7",2.5,0,126
　,"　
いい買い物ができました。サイズが思っていたよりも大きくて満足しています。冷凍も冷蔵も完璧に機能しており、配送もスピーディでした！","1,7",2.5,0,126
　,"　
Amazonで購入した際、相性が重要だと感じました。価格に見合った品質だと思います。ヤマト運輸の配達員がインターフォンを鳴らし、「ここに置いておきますね」と伝えてくれたおかげで、安心して指定の場所に届けてもらいました。以前は配達時の製品破損が心配でしたが、今回は順調に使えています。天板の縁が少し薄く、力を加えると壊れそうな印象ですが、電子レンジなども置けるようになっています。音は静かですが、24時間の中で数回モーター音が聞こえます。冷凍庫には霜取りヘラと製氷皿が入っており、年間の電力消費が約¥5000〜6000と経済的にも納得です。全体的に満足しています。針で突いたような小さなキズを見つけましたが、もしかしたら神経質な方が返品した後の新品在庫かもしれないと考えています。以前使っていた冷蔵庫は10年以上持ったので、今の冷蔵庫にも期待しています。","1,3,4,6,7",2.5,0,129
　,"　
購入時には相性が大切だと実感し、Amazonでの購入を選びました。価格に見合った性能だと思います。ヤマト運輸の配達員が「ここに置いておきますから」とインターフォンを鳴らしてくれたおかげで、安心して所定の位置に届けてもらいました。過去には配達時の破損が気になりましたが、今回は問題なく使えています。天板の端がやや薄く感じるため、力を加えると壊れるかもしれませんが、電子レンジなどを置くスペースは確保されています。静音設計ですが、時折モーター音が聞こえます。冷凍庫内には霜取りヘラと製氷皿があり、年間電気代が約¥5000〜6000で経済的にも満足しています。全体的にはとても満足しています。小さなキズを見つけましたが、もしかしたら神経質な方が返品した後の新品在庫かもしれないと想像しています。前の冷蔵庫は10年以上持ちましたので、今の冷蔵庫にも期待しています。","1,3,4,6,7",2.5,0,129
　,"　
商品は説明に忠実で非常に満足のいくものでした。梱包が丁寧で、発送も迅速だったので安心して利用できました。また機会があれば、ぜひ再度購入したいと思います。ありがとうございました。","6,7",2.5,0,169
　,"　
説明通りで素晴らしい商品だったので、とても嬉しかったです。発送が速く、丁寧な梱包に安心感を覚えました。次回も機会があれば、ぜひ購入したいです。感謝しています。","6,7",2.5,0,169
　,"　
製品の品質は良いと感じました。配送は迅速で、注文の翌日に商品が届きましたが、写真に示されている通り蓋にひびが入っていました。すぐに交換手続きを行ったところ、対応も早く、翌日には新しい商品が届きました。使用感も満足で、濃さの調整ができ、ブラックコーヒーやカフェラテなど多様なコーヒーを楽しむことができます。

商品自体には満足しています。配送は非常に早く、注文した翌日に受け取ることができました。ただし、写真の通り蓋にひびがあり、すぐに交換をお願いしたら、迅速に対応してもらい、翌日には代替品が届きました。使用感は良好で、濃さを調整できるため、ブラックコーヒーやカフェラテといった様々なコーヒーを作ることが可能です。","1,6,7",2.5,0,193
　,"　
本当に美味しいです！これまで粉を使ってコーヒーメーカーを使っていたのですが、思うような味が出せずに買い替えを考えていたところ、息子夫婦が教えてくれました。文句なしで美味しくて、購入して大満足です。配送も比較的早かったです。","2,7",2.5,0,202
　,"　
すごく美味しいです！以前は粉を使うコーヒーメーカーを利用していましたが、満足のいく味に仕上がらず、買い替えを検討していた時に息子夫婦から教えてもらいました。文句なく美味しくて、買って本当に良かったです。届くのも思ったより早かったです。","2,7",2.5,0,202
　,"　
使い始めてすぐに壊れてしまいましたが、メーカーに修理を依頼したところ、1週間ほどで対応してもらえました。エントリーモデルとしても非常に満足しており、これからいろいろな豆を試して楽しむつもりです。その後は快適に使えており、QOLが向上しています。","6,7",2.5,0,258
　,"　
購入してすぐに一杯淹れた際に壊れましたが、1週間ほどでメーカーから修理が完了しました。エントリーモデルとしては十分満足でき、これから様々な豆を試して楽しむつもりです。その後は快適に使用しており、QOLも向上しています。","6,7",2.5,0,258
　,"　
バタバタしましたが、2回返品と再発送を経て、付属品が欠けていたり異なる品番の説明書が入っていたり、動作しない製品があったものの、正常な商品が届いてからは問題なく使えています。","6,7",2.5,0,266
　,"　
いくつかのトラブルがありましたが、動作しない製品や異なる品番の取扱説明書、付属品が不足しているために2回返品と再発送を行いました。しかし、正常品が届いてからは問題なく使用できています。","6,7",2.5,0,266
　,"　
お手入れが簡単で、非常に満足しています。発注の翌日に商品が届き、購入先には感謝しています。商品は非常に清潔で、すぐに使ってみたところ、水入れが取り外せることや、コンパクトなサイズがキッチンに適している点が気に入りました。入れ方の選択肢も豊富で、お手入れも楽にできそうです。しばらく使ってみた結果、水入れが簡単に外せ、豆を挽いた後に粉がきれいに落ちるのが良いと思いました。カップの蓋やフィルター部分も取り外せて洗いやすく、特にお手入れがしやすい点が気に入りました。ただ、フィルターバスケットがあると更に良いと思います。中古品でも非常に綺麗で、半額で購入できたので文句はありません。","1,3,6,7",2.5,0,311
　,"　
簡単にお手入れできる商品で、非常に満足しています。発注から翌日に届いたことに感謝しており、商品自体もとても清潔でした。早速使用してみましたが、水入れが外せて、意外とコンパクトなのでキッチンでも邪魔にならず、入れ方が選べる点が特に良いです。お手入れも簡単そうです。使用しているうちに、水入れが取り外せることや、豆を挽いた後に粉がきれいに落ちる点が気に入っています。カップの蓋やフィルター部分も取り外せるため、洗いやすいです。このお手入れのしやすさが一番の魅力でした。ただ、フィルターバスケットのようなものがあればさらに良いと思います。中古でもとても綺麗で、半額で購入できたので不満はありません。","1,3,6,7",2.5,0,311
　,"　
旧製品からの乗り換えを決めたのは、毎日2～3回使用する身として、早く届くことやキッチンの収納スペースを考慮したためです。同じメーカーの製品にしたことで、全体的にコンパクトになった気がしますが、以前より味が少し薄めに感じる点は変わっていません。7年間愛用してきた旧モデルに対する愛着もあり、やはりパナソニックの商品を選びました。","1,2,7",2.5,0,342
　,"　
以前の製品からの乗り換えを選んだ理由は、毎日2～3回使用するため、早く届いてほしいと感じたことと、キッチンの収納スペースを考慮したからです。同じメーカーの製品を選んだ結果、全体的にコンパクトになった印象がありますが、味が少し薄めに感じる点は以前と変わっていません。7年間も使ってきた旧モデルへの愛着から、やはりパナソニックの商品に決めました。","1,2,7",2.5,0,342
　,"　
コストパフォーマンスは非常に良好です。購入から1年が経ち、この商品はかなり優れていると感じています。冷却レベルのダイヤルは冷蔵庫内の一番上にあって使いやすく、弱冷1から強冷7まで調整可能でしっかり冷えます。ただし、冷却ダイヤルは冷蔵庫と冷凍庫が一体型のため、夏と冬で冷凍庫の冷却レベルを変更する際には注意が必要です。冷凍庫が冷えすぎないようにダイヤルを下げると、冷蔵庫の冷却も下がってしまうので、特に夏場は気をつけるべきです。冷凍庫は下段にあり、自動霜取り機能がないため、定期的に霜取りが必要ですが、あまり気にならないレベルです。音は静かな方だと思いますが、私は居室外に設置しているため、その点はよくわかりませんが、全体として使いやすい冷凍冷蔵庫だと思います。3階への配送では、Amazon会員なら無料や千円増しで配送オプションを選べるので、とても助かりました。","1,3,4,7",2.5,0,517
　,"　
非常に良いコストパフォーマンスです。1年使用してみて、この商品は素晴らしいと感じています。冷却レベルのダイヤルは冷蔵庫の一番上にあり、操作がしやすく、弱冷1から強冷7までの設定でしっかりと冷えます。しかし、冷却ダイヤルは冷蔵庫と冷凍庫が一体型なので、夏と冬で冷凍庫の冷却レベルを調整する際には注意が必要です。冷凍庫が過剰に冷えないようにダイヤルを下げすぎると、冷蔵庫の冷えも悪くなるため、特に夏場は注意が必要です。冷凍庫は下の扉にあり、自動霜取り機能はないため定期的に霜取りを行う必要がありますが、あまり気にならない程度です。音は静かだと思いますが、居室外に設置しているためその点は不明ですが、全体的に使いやすい冷凍冷蔵庫だと思います。3階への配送では、Amazon会員なら無料や千円増しで配送オプションが利用できて非常に助かりました。","1,3,4,7",2.5,0,517
　,"　
商品は予定通り届き、冷却性能が旧モデルよりも優れています。大事に使っていきたいと思います。","1,2,7",2.5,0,518
　,"　
予定通りに商品を受け取りましたが、旧品に比べて冷却が早いです。大切に使うつもりです。","1,2,7",2.5,0,518
　,"　
コストパフォーマンスが素晴らしいです！安価だったので期待せずに購入しましたが、これで十分だと思っています。冷凍庫が仕切られているのも良い点です。弱めに設定するとドア側に置いた飲み物があまり冷えず、強めにすると壁側が凍ってしまうのですが、置く物や場所を工夫すれば問題ありません。発送も迅速で、設置もしてもらえて非常に満足しています！

素晴らしいコストパフォーマンスです！安いから特に期待せずに購入しましたが、これで満足かなと思っています。冷凍庫が仕切られているのが良いですね。弱めの設定ではドア側に置いた飲み物があまり冷えず、強めにすると壁側が凍りますが、置く物とその位置を考慮すれば問題ありません。発送も早く、設置もしてもらえたのでとても満足しています！","1,3,7",2.5,0,529
　,"　
配送が迅速だったので、とても助かりました。また、配送業者の方が非常に親切で助かりました。冷凍庫は三分割になっていますが、少し使いづらさを感じました。それでもサイズは問題なく、音も全く気にならなかったので購入して良かったです。","1,7",2.5,0,540
　,"　
迅速な配送に感謝しましたし、配送業者の方もとても親切で助けられました。冷凍庫が三分割になっているため、少し使いづらさを感じましたが、サイズは問題なく、音も気にならなかったので、買って良かったと思っています。","1,7",2.5,0,540
　,"　
シンプルなデザインが気に入って、ニトリの黒い冷蔵庫を検討していました。配送料がこちらの方が安く、お洒落な色に惹かれてAmazonで購入しましたが、僻地でありながらも到着まで中2日と迅速で、ヤマト運輸の配達と設置も非常に丁寧でした。耐久性についてはこれから確認しますが、全体的にとても満足しています。

余分な機能は不要だと感じていたので、ニトリの黒い冷蔵庫を探していました。同じタイプの中でこちらの方が配送料が安く、お洒落な色に魅かれてAmazonで購入しました。僻地にもかかわらず、配達まで中2日と早く、ヤマト運輸によるお届けと設置が非常に丁寧でした。耐久性についてはこれから様子を見るつもりですが、非常に満足しています。","1,2,3,7",2.5,0,555
　,"　
発送が迅速で、商品は無事に届きました。サイズや外観は期待通りですが、動作時の音は予想以上に大きいです。それでも、価格が手頃なので満足しています。

商品がすぐに発送され、無事に手元に届きました。大きさやデザインはイメージ通りですが、動作時の音が意外に大きいです。しかし、値段が安いので全体的には良い印象です。","1,3,7",2.5,0,560
　,"　
価格が安いにもかかわらず品質が良く、迅速に届きました。唯一の難点は音が少し大きいことですが、特に気にはなりません。","1,3,7",2.5,0,580
　,"　
早く届いた上に、お手頃な価格で良い商品です。強いて挙げるとすれば、音が少し気になるものの、あまり気にしていません。","1,3,7",2.5,0,580
　,"　
注文した翌日に商品が届き、すぐに手元に届きました。素晴らしい買い物ができたと感じています。",7,2.5,0,646
　,"　
商品はすぐに届き、翌日には手元にありました。とても良い買い物をしたと思います。",7,2.5,0,646
　,"　
4ヶ月ほどで故障した掃除機についてメールを送ったところ、2日後には新しいものが届きました。1年保証の対応が素晴らしく、信頼できるお店で購入することの安心感を実感しました。",7,2.5,0,709
　,"　
購入から4ヶ月で故障した際、メールで連絡すると2日で新しい掃除機が送られてきました。1年保証の素晴らしい対応により、しっかりしたお店で買う安心感を感じました。",7,2.5,0,709
